DateTime;Players
19.12.2017 00:00;1
20.12.2017 00:00;1
21.12.2017 00:00;2
22.12.2017 00:00;2
23.12.2017 00:00;
24.12.2017 00:00;
25.12.2017 00:00;
26.12.2017 00:00;
27.12.2017 00:00;
28.12.2017 00:00;
29.12.2017 00:00;
30.12.2017 00:00;
31.12.2017 00:00;
01.01.2018 00:00;
02.01.2018 00:00;
03.01.2018 00:00;
04.01.2018 00:00;
05.01.2018 00:00;
06.01.2018 00:00;
07.01.2018 00:00;
08.01.2018 00:00;
09.01.2018 00:00;
10.01.2018 00:00;
11.01.2018 00:00;
12.01.2018 00:00;
13.01.2018 00:00;
14.01.2018 00:00;
15.01.2018 00:00;1
16.01.2018 00:00;2
17.01.2018 00:00;
18.01.2018 00:00;
19.01.2018 00:00;
20.01.2018 00:00;
21.01.2018 00:00;
22.01.2018 00:00;3
23.01.2018 00:00;2
24.01.2018 00:00;3
25.01.2018 00:00;4
26.01.2018 00:00;3
27.01.2018 00:00;
28.01.2018 00:00;
29.01.2018 00:00;1
30.01.2018 00:00;1
31.01.2018 00:00;
01.02.2018 00:00;2
02.02.2018 00:00;1
03.02.2018 00:00;
04.02.2018 00:00;
05.02.2018 00:00;
06.02.2018 00:00;
07.02.2018 00:00;2
08.02.2018 00:00;1
09.02.2018 00:00;2
10.02.2018 00:00;
11.02.2018 00:00;
12.02.2018 00:00;1
13.02.2018 00:00;1
14.02.2018 00:00;1
15.02.2018 00:00;1
16.02.2018 00:00;1
17.02.2018 00:00;
18.02.2018 00:00;
19.02.2018 00:00;1
20.02.2018 00:00;1
21.02.2018 00:00;
22.02.2018 00:00;
23.02.2018 00:00;
24.02.2018 00:00;
25.02.2018 00:00;
26.02.2018 00:00;
27.02.2018 00:00;
28.02.2018 00:00;
01.03.2018 00:00;
02.03.2018 00:00;
03.03.2018 00:00;
04.03.2018 00:00;
05.03.2018 00:00;
06.03.2018 00:00;
07.03.2018 00:00;
08.03.2018 00:00;
09.03.2018 00:00;
10.03.2018 00:00;
11.03.2018 00:00;
12.03.2018 00:00;
13.03.2018 00:00;
14.03.2018 00:00;
15.03.2018 00:00;
16.03.2018 00:00;
17.03.2018 00:00;
18.03.2018 00:00;
19.03.2018 00:00;
20.03.2018 00:00;
21.03.2018 00:00;
22.03.2018 00:00;
23.03.2018 00:00;
24.03.2018 00:00;
25.03.2018 00:00;
26.03.2018 00:00;
27.03.2018 00:00;
28.03.2018 00:00;
29.03.2018 00:00;
30.03.2018 00:00;
31.03.2018 00:00;
01.04.2018 00:00;
02.04.2018 00:00;
03.04.2018 00:00;
04.04.2018 00:00;
05.04.2018 00:00;
06.04.2018 00:00;
07.04.2018 00:00;
08.04.2018 00:00;
09.04.2018 00:00;
10.04.2018 00:00;
11.04.2018 00:00;
12.04.2018 00:00;
13.04.2018 00:00;
14.04.2018 00:00;
15.04.2018 00:00;
16.04.2018 00:00;
17.04.2018 00:00;
18.04.2018 00:00;
19.04.2018 00:00;
20.04.2018 00:00;
21.04.2018 00:00;
22.04.2018 00:00;
23.04.2018 00:00;
24.04.2018 00:00;
25.04.2018 00:00;
26.04.2018 00:00;
27.04.2018 00:00;
28.04.2018 00:00;
29.04.2018 00:00;
30.04.2018 00:00;
01.05.2018 00:00;
02.05.2018 00:00;
03.05.2018 00:00;
04.05.2018 00:00;
05.05.2018 00:00;
06.05.2018 00:00;
07.05.2018 00:00;
08.05.2018 00:00;
09.05.2018 00:00;
10.05.2018 00:00;
11.05.2018 00:00;
12.05.2018 00:00;
13.05.2018 00:00;
14.05.2018 00:00;
15.05.2018 00:00;
16.05.2018 00:00;
17.05.2018 00:00;
18.05.2018 00:00;
19.05.2018 00:00;
20.05.2018 00:00;
21.05.2018 00:00;
22.05.2018 00:00;
23.05.2018 00:00;
24.05.2018 00:00;
25.05.2018 00:00;
26.05.2018 00:00;
27.05.2018 00:00;
28.05.2018 00:00;
29.05.2018 00:00;
30.05.2018 00:00;
31.05.2018 00:00;
01.06.2018 00:00;
02.06.2018 00:00;
03.06.2018 00:00;
04.06.2018 00:00;
05.06.2018 00:00;
06.06.2018 00:00;
07.06.2018 00:00;
08.06.2018 00:00;
09.06.2018 00:00;
10.06.2018 00:00;
11.06.2018 00:00;
12.06.2018 00:00;
13.06.2018 00:00;
14.06.2018 00:00;
15.06.2018 00:00;
16.06.2018 00:00;
17.06.2018 00:00;
18.06.2018 00:00;
19.06.2018 00:00;
20.06.2018 00:00;
21.06.2018 00:00;
22.06.2018 00:00;
23.06.2018 00:00;
24.06.2018 00:00;
25.06.2018 00:00;
26.06.2018 00:00;
27.06.2018 00:00;
28.06.2018 00:00;
29.06.2018 00:00;
30.06.2018 00:00;
01.07.2018 00:00;
02.07.2018 00:00;
03.07.2018 00:00;
04.07.2018 00:00;
05.07.2018 00:00;
06.07.2018 00:00;
07.07.2018 00:00;
08.07.2018 00:00;
09.07.2018 00:00;
10.07.2018 00:00;
11.07.2018 00:00;
12.07.2018 00:00;
13.07.2018 00:00;
14.07.2018 00:00;
15.07.2018 00:00;
16.07.2018 00:00;
17.07.2018 00:00;
18.07.2018 00:00;
19.07.2018 00:00;
20.07.2018 00:00;
21.07.2018 00:00;
22.07.2018 00:00;
23.07.2018 00:00;
24.07.2018 00:00;
25.07.2018 00:00;
26.07.2018 00:00;
27.07.2018 00:00;
28.07.2018 00:00;
29.07.2018 00:00;
30.07.2018 00:00;
31.07.2018 00:00;
01.08.2018 00:00;
02.08.2018 00:00;
03.08.2018 00:00;
04.08.2018 00:00;
05.08.2018 00:00;
06.08.2018 00:00;
07.08.2018 00:00;
08.08.2018 00:00;
09.08.2018 00:00;
10.08.2018 00:00;
11.08.2018 00:00;
12.08.2018 00:00;
13.08.2018 00:00;
14.08.2018 00:00;
15.08.2018 00:00;
16.08.2018 00:00;
17.08.2018 00:00;
18.08.2018 00:00;
19.08.2018 00:00;
20.08.2018 00:00;
21.08.2018 00:00;
22.08.2018 00:00;
23.08.2018 00:00;
24.08.2018 00:00;
25.08.2018 00:00;
26.08.2018 00:00;
27.08.2018 00:00;
28.08.2018 00:00;
29.08.2018 00:00;
30.08.2018 00:00;
31.08.2018 00:00;
01.09.2018 00:00;
02.09.2018 00:00;
03.09.2018 00:00;
04.09.2018 00:00;
05.09.2018 00:00;
06.09.2018 00:00;
07.09.2018 00:00;
08.09.2018 00:00;
09.09.2018 00:00;
10.09.2018 00:00;
11.09.2018 00:00;
12.09.2018 00:00;
13.09.2018 00:00;
14.09.2018 00:00;
15.09.2018 00:00;
16.09.2018 00:00;
17.09.2018 00:00;
18.09.2018 00:00;
19.09.2018 00:00;
20.09.2018 00:00;
21.09.2018 00:00;
22.09.2018 00:00;
23.09.2018 00:00;
24.09.2018 00:00;
25.09.2018 00:00;
26.09.2018 00:00;
27.09.2018 00:00;
28.09.2018 00:00;
29.09.2018 00:00;
30.09.2018 00:00;
01.10.2018 00:00;
02.10.2018 00:00;
03.10.2018 00:00;
04.10.2018 00:00;
05.10.2018 00:00;
06.10.2018 00:00;
07.10.2018 00:00;
08.10.2018 00:00;
09.10.2018 00:00;
10.10.2018 00:00;
11.10.2018 00:00;
12.10.2018 00:00;
13.10.2018 00:00;
14.10.2018 00:00;
15.10.2018 00:00;
16.10.2018 00:00;
17.10.2018 00:00;
18.10.2018 00:00;
19.10.2018 00:00;
20.10.2018 00:00;
21.10.2018 00:00;
22.10.2018 00:00;
23.10.2018 00:00;
24.10.2018 00:00;
25.10.2018 00:00;
26.10.2018 00:00;
27.10.2018 00:00;
28.10.2018 00:00;
29.10.2018 00:00;
30.10.2018 00:00;
31.10.2018 00:00;
01.11.2018 00:00;
02.11.2018 00:00;
03.11.2018 00:00;
04.11.2018 00:00;
05.11.2018 00:00;
06.11.2018 00:00;
07.11.2018 00:00;
08.11.2018 00:00;
09.11.2018 00:00;
10.11.2018 00:00;
11.11.2018 00:00;
12.11.2018 00:00;
13.11.2018 00:00;
14.11.2018 00:00;
15.11.2018 00:00;
16.11.2018 00:00;
17.11.2018 00:00;
18.11.2018 00:00;
19.11.2018 00:00;
20.11.2018 00:00;
21.11.2018 00:00;
22.11.2018 00:00;
23.11.2018 00:00;
24.11.2018 00:00;
25.11.2018 00:00;
26.11.2018 00:00;
27.11.2018 00:00;
28.11.2018 00:00;
29.11.2018 00:00;
30.11.2018 00:00;
01.12.2018 00:00;
02.12.2018 00:00;
03.12.2018 00:00;
04.12.2018 00:00;
05.12.2018 00:00;
06.12.2018 00:00;
07.12.2018 00:00;
08.12.2018 00:00;
09.12.2018 00:00;
10.12.2018 00:00;
11.12.2018 00:00;
12.12.2018 00:00;
13.12.2018 00:00;
14.12.2018 00:00;
15.12.2018 00:00;
16.12.2018 00:00;
17.12.2018 00:00;
18.12.2018 00:00;
19.12.2018 00:00;
20.12.2018 00:00;
21.12.2018 00:00;
22.12.2018 00:00;
23.12.2018 00:00;
24.12.2018 00:00;
25.12.2018 00:00;
26.12.2018 00:00;
27.12.2018 00:00;
28.12.2018 00:00;
29.12.2018 00:00;
30.12.2018 00:00;
31.12.2018 00:00;
01.01.2019 00:00;
02.01.2019 00:00;
03.01.2019 00:00;
04.01.2019 00:00;
05.01.2019 00:00;
06.01.2019 00:00;
07.01.2019 00:00;
08.01.2019 00:00;
09.01.2019 00:00;
10.01.2019 00:00;
11.01.2019 00:00;
12.01.2019 00:00;
13.01.2019 00:00;
14.01.2019 00:00;
15.01.2019 00:00;
16.01.2019 00:00;
17.01.2019 00:00;
18.01.2019 00:00;
19.01.2019 00:00;
20.01.2019 00:00;
21.01.2019 00:00;
22.01.2019 00:00;
23.01.2019 00:00;
24.01.2019 00:00;
25.01.2019 00:00;
26.01.2019 00:00;
27.01.2019 00:00;
28.01.2019 00:00;
29.01.2019 00:00;
30.01.2019 00:00;
31.01.2019 00:00;
01.02.2019 00:00;
02.02.2019 00:00;
03.02.2019 00:00;
04.02.2019 00:00;
05.02.2019 00:00;
06.02.2019 00:00;
07.02.2019 00:00;
08.02.2019 00:00;
09.02.2019 00:00;
10.02.2019 00:00;
11.02.2019 00:00;
12.02.2019 00:00;
13.02.2019 00:00;
14.02.2019 00:00;
15.02.2019 00:00;
16.02.2019 00:00;
17.02.2019 00:00;
18.02.2019 00:00;
19.02.2019 00:00;
20.02.2019 00:00;
21.02.2019 00:00;
22.02.2019 00:00;
23.02.2019 00:00;
24.02.2019 00:00;
25.02.2019 00:00;
26.02.2019 00:00;
27.02.2019 00:00;
28.02.2019 00:00;
01.03.2019 00:00;
02.03.2019 00:00;
03.03.2019 00:00;
04.03.2019 00:00;
05.03.2019 00:00;
06.03.2019 00:00;
07.03.2019 00:00;
08.03.2019 00:00;
09.03.2019 00:00;
10.03.2019 00:00;
11.03.2019 00:00;
12.03.2019 00:00;
13.03.2019 00:00;
14.03.2019 00:00;
15.03.2019 00:00;
16.03.2019 00:00;
17.03.2019 00:00;
18.03.2019 00:00;
19.03.2019 00:00;
20.03.2019 00:00;
21.03.2019 00:00;
22.03.2019 00:00;
23.03.2019 00:00;
24.03.2019 00:00;
25.03.2019 00:00;
26.03.2019 00:00;
27.03.2019 00:00;
28.03.2019 00:00;
29.03.2019 00:00;
30.03.2019 00:00;
31.03.2019 00:00;
01.04.2019 00:00;
02.04.2019 00:00;
03.04.2019 00:00;
04.04.2019 00:00;
05.04.2019 00:00;
06.04.2019 00:00;
07.04.2019 00:00;
08.04.2019 00:00;
09.04.2019 00:00;
10.04.2019 00:00;
11.04.2019 00:00;
12.04.2019 00:00;
13.04.2019 00:00;
14.04.2019 00:00;
15.04.2019 00:00;
16.04.2019 00:00;
17.04.2019 00:00;
18.04.2019 00:00;
19.04.2019 00:00;
20.04.2019 00:00;
21.04.2019 00:00;
22.04.2019 00:00;
23.04.2019 00:00;
24.04.2019 00:00;
25.04.2019 00:00;
26.04.2019 00:00;
27.04.2019 00:00;
28.04.2019 00:00;
29.04.2019 00:00;
30.04.2019 00:00;
01.05.2019 00:00;
02.05.2019 00:00;
03.05.2019 00:00;
04.05.2019 00:00;
05.05.2019 00:00;
06.05.2019 00:00;
07.05.2019 00:00;
08.05.2019 00:00;
09.05.2019 00:00;
10.05.2019 00:00;
11.05.2019 00:00;
12.05.2019 00:00;
13.05.2019 00:00;
14.05.2019 00:00;
15.05.2019 00:00;
16.05.2019 00:00;
17.05.2019 00:00;
18.05.2019 00:00;
19.05.2019 00:00;
20.05.2019 00:00;
21.05.2019 00:00;
22.05.2019 00:00;
23.05.2019 00:00;
24.05.2019 00:00;
25.05.2019 00:00;
26.05.2019 00:00;
27.05.2019 00:00;
28.05.2019 00:00;
29.05.2019 00:00;
30.05.2019 00:00;
31.05.2019 00:00;4603
01.06.2019 00:00;4406
02.06.2019 00:00;4256
03.06.2019 00:00;3897
04.06.2019 00:00;4041
05.06.2019 00:00;3397
06.06.2019 00:00;3077
07.06.2019 00:00;2819
08.06.2019 00:00;2631
09.06.2019 00:00;2656
10.06.2019 00:00;1994
11.06.2019 00:00;1737
12.06.2019 00:00;1495
13.06.2019 00:00;1252
14.06.2019 00:00;1092
15.06.2019 00:00;1139
16.06.2019 00:00;1109
17.06.2019 00:00;884
18.06.2019 00:00;746
19.06.2019 00:00;1278
20.06.2019 00:00;1100
21.06.2019 00:00;910
22.06.2019 00:00;880
23.06.2019 00:00;872
24.06.2019 00:00;715
25.06.2019 00:00;566
26.06.2019 00:00;526
27.06.2019 00:00;456
28.06.2019 00:00;413
29.06.2019 00:00;411
30.06.2019 00:00;423
01.07.2019 00:00;391
02.07.2019 00:00;349
03.07.2019 00:00;272
04.07.2019 00:00;311
05.07.2019 00:00;286
06.07.2019 00:00;281
07.07.2019 00:00;313
08.07.2019 00:00;277
09.07.2019 00:00;251
10.07.2019 00:00;232
11.07.2019 00:00;202
12.07.2019 00:00;218
13.07.2019 00:00;240
14.07.2019 00:00;253
15.07.2019 00:00;218
16.07.2019 00:00;197
17.07.2019 00:00;179
18.07.2019 00:00;158
19.07.2019 00:00;133
20.07.2019 00:00;156
21.07.2019 00:00;167
22.07.2019 00:00;162
23.07.2019 00:00;157
24.07.2019 00:00;229
25.07.2019 00:00;241
26.07.2019 00:00;221
27.07.2019 00:00;242
28.07.2019 00:00;256
29.07.2019 00:00;180
30.07.2019 00:00;175
31.07.2019 00:00;163
01.08.2019 00:00;136
02.08.2019 00:00;157
03.08.2019 00:00;151
04.08.2019 00:00;183
05.08.2019 00:00;157
06.08.2019 00:00;136
07.08.2019 00:00;148
08.08.2019 00:00;122
09.08.2019 00:00;116
10.08.2019 00:00;137
11.08.2019 00:00;144
12.08.2019 00:00;146
13.08.2019 00:00;155
14.08.2019 00:00;107
15.08.2019 00:00;137
16.08.2019 00:00;130
17.08.2019 00:00;130
18.08.2019 00:00;134
19.08.2019 00:00;111
20.08.2019 00:00;107
21.08.2019 00:00;89
22.08.2019 00:00;94
23.08.2019 00:00;86
24.08.2019 00:00;94
25.08.2019 00:00;103
26.08.2019 00:00;71
27.08.2019 00:00;81
28.08.2019 00:00;74
29.08.2019 00:00;66
30.08.2019 00:00;59
31.08.2019 00:00;71
01.09.2019 00:00;76
02.09.2019 00:00;71
03.09.2019 00:00;61
04.09.2019 00:00;69
05.09.2019 00:00;57
06.09.2019 00:00;52
07.09.2019 00:00;75
08.09.2019 00:00;74
09.09.2019 00:00;69
10.09.2019 00:00;58
11.09.2019 00:00;49
12.09.2019 00:00;54
13.09.2019 00:00;53
14.09.2019 00:00;53
15.09.2019 00:00;72
16.09.2019 00:00;50
17.09.2019 00:00;51
18.09.2019 00:00;51
19.09.2019 00:00;56
20.09.2019 00:00;56
21.09.2019 00:00;63
22.09.2019 00:00;64
23.09.2019 00:00;59
24.09.2019 00:00;53
25.09.2019 00:00;121
26.09.2019 00:00;81
27.09.2019 00:00;81
28.09.2019 00:00;83
29.09.2019 00:00;91
30.09.2019 00:00;82
01.10.2019 00:00;70
02.10.2019 00:00;67
03.10.2019 00:00;64
04.10.2019 00:00;63
05.10.2019 00:00;65
06.10.2019 00:00;75
07.10.2019 00:00;61
08.10.2019 00:00;58
09.10.2019 00:00;59
10.10.2019 00:00;60
11.10.2019 00:00;64
12.10.2019 00:00;72
13.10.2019 00:00;83
14.10.2019 00:00;72
15.10.2019 00:00;60
16.10.2019 00:00;53
17.10.2019 00:00;127
18.10.2019 00:00;358
19.10.2019 00:00;470
20.10.2019 00:00;476
21.10.2019 00:00;209
22.10.2019 00:00;141
23.10.2019 00:00;115
24.10.2019 00:00;118
25.10.2019 00:00;104
26.10.2019 00:00;128
27.10.2019 00:00;126
28.10.2019 00:00;88
29.10.2019 00:00;129
30.10.2019 00:00;114
31.10.2019 00:00;113
01.11.2019 00:00;124
02.11.2019 00:00;171
03.11.2019 00:00;178
04.11.2019 00:00;146
05.11.2019 00:00;143
06.11.2019 00:00;127
07.11.2019 00:00;122
08.11.2019 00:00;109
09.11.2019 00:00;158
10.11.2019 00:00;150
11.11.2019 00:00;175
12.11.2019 00:00;155
13.11.2019 00:00;149
14.11.2019 00:00;130
15.11.2019 00:00;144
16.11.2019 00:00;134
17.11.2019 00:00;147
18.11.2019 00:00;130
19.11.2019 00:00;110
20.11.2019 00:00;135
21.11.2019 00:00;140
22.11.2019 00:00;160
23.11.2019 00:00;177
24.11.2019 00:00;202
25.11.2019 00:00;123
26.11.2019 00:00;119
27.11.2019 00:00;111
28.11.2019 00:00;117
29.11.2019 00:00;151
30.11.2019 00:00;165
01.12.2019 00:00;157
02.12.2019 00:00;128
03.12.2019 00:00;97
04.12.2019 00:00;119
05.12.2019 00:00;103
06.12.2019 00:00;116
07.12.2019 00:00;119
08.12.2019 00:00;125
09.12.2019 00:00;95
10.12.2019 00:00;80
11.12.2019 00:00;89
12.12.2019 00:00;70
13.12.2019 00:00;81
14.12.2019 00:00;86
15.12.2019 00:00;101
16.12.2019 00:00;193
17.12.2019 00:00;236
18.12.2019 00:00;207
19.12.2019 00:00;192
20.12.2019 00:00;192
21.12.2019 00:00;214
22.12.2019 00:00;220
23.12.2019 00:00;187
24.12.2019 00:00;157
25.12.2019 00:00;193
26.12.2019 00:00;195
27.12.2019 00:00;188
28.12.2019 00:00;165
29.12.2019 00:00;170
30.12.2019 00:00;164
31.12.2019 00:00;128
01.01.2020 00:00;155
02.01.2020 00:00;167
03.01.2020 00:00;161
04.01.2020 00:00;165
05.01.2020 00:00;151
06.01.2020 00:00;111
07.01.2020 00:00;104
08.01.2020 00:00;103
09.01.2020 00:00;91
10.01.2020 00:00;88
11.01.2020 00:00;115
12.01.2020 00:00;123
13.01.2020 00:00;77
14.01.2020 00:00;79
15.01.2020 00:00;72
16.01.2020 00:00;69
17.01.2020 00:00;78
18.01.2020 00:00;92
19.01.2020 00:00;94
20.01.2020 00:00;74
21.01.2020 00:00;69
22.01.2020 00:00;68
23.01.2020 00:00;77
24.01.2020 00:00;100
25.01.2020 00:00;110
26.01.2020 00:00;118
27.01.2020 00:00;84
28.01.2020 00:00;78
29.01.2020 00:00;73
30.01.2020 00:00;82
31.01.2020 00:00;93
01.02.2020 00:00;94
02.02.2020 00:00;93
03.02.2020 00:00;76
04.02.2020 00:00;61
05.02.2020 00:00;76
06.02.2020 00:00;68
07.02.2020 00:00;78
08.02.2020 00:00;97
09.02.2020 00:00;108
10.02.2020 00:00;70
11.02.2020 00:00;70
12.02.2020 00:00;64
13.02.2020 00:00;64
14.02.2020 00:00;56
15.02.2020 00:00;74
16.02.2020 00:00;89
17.02.2020 00:00;57
18.02.2020 00:00;67
19.02.2020 00:00;65
20.02.2020 00:00;74
21.02.2020 00:00;75
22.02.2020 00:00;87
23.02.2020 00:00;99
24.02.2020 00:00;80
25.02.2020 00:00;66
26.02.2020 00:00;68
27.02.2020 00:00;59
28.02.2020 00:00;64
29.02.2020 00:00;82
01.03.2020 00:00;78
02.03.2020 00:00;49
03.03.2020 00:00;45
04.03.2020 00:00;43
05.03.2020 00:00;51
06.03.2020 00:00;54
07.03.2020 00:00;61
08.03.2020 00:00;65
09.03.2020 00:00;47
10.03.2020 00:00;174
11.03.2020 00:00;221
12.03.2020 00:00;207
13.03.2020 00:00;201
14.03.2020 00:00;214
15.03.2020 00:00;231
16.03.2020 00:00;181
17.03.2020 00:00;159
18.03.2020 00:00;150
19.03.2020 00:00;135
20.03.2020 00:00;141
21.03.2020 00:00;161
22.03.2020 00:00;151
23.03.2020 00:00;112
24.03.2020 00:00;112
25.03.2020 00:00;105
26.03.2020 00:00;105
27.03.2020 00:00;95
28.03.2020 00:00;128
29.03.2020 00:00;119
30.03.2020 00:00;83
31.03.2020 00:00;95
01.04.2020 00:00;88
02.04.2020 00:00;79
03.04.2020 00:00;69
04.04.2020 00:00;101
05.04.2020 00:00;101
06.04.2020 00:00;68
07.04.2020 00:00;82
08.04.2020 00:00;78
09.04.2020 00:00;76
10.04.2020 00:00;78
11.04.2020 00:00;102
12.04.2020 00:00;93
13.04.2020 00:00;90
14.04.2020 00:00;94
15.04.2020 00:00;92
16.04.2020 00:00;79
17.04.2020 00:00;71
18.04.2020 00:00;84
19.04.2020 00:00;89
20.04.2020 00:00;77
21.04.2020 00:00;77
22.04.2020 00:00;72
23.04.2020 00:00;74
24.04.2020 00:00;66
25.04.2020 00:00;71
26.04.2020 00:00;89
27.04.2020 00:00;79
28.04.2020 00:00;92
29.04.2020 00:00;85
30.04.2020 00:00;74
01.05.2020 00:00;99
02.05.2020 00:00;104
03.05.2020 00:00;100
04.05.2020 00:00;77
05.05.2020 00:00;77
06.05.2020 00:00;75
07.05.2020 00:00;87
08.05.2020 00:00;81
09.05.2020 00:00;98
10.05.2020 00:00;97
11.05.2020 00:00;82
12.05.2020 00:00;77
13.05.2020 00:00;67
14.05.2020 00:00;61
15.05.2020 00:00;71
16.05.2020 00:00;70
17.05.2020 00:00;76
18.05.2020 00:00;69
19.05.2020 00:00;56
20.05.2020 00:00;57
21.05.2020 00:00;57
22.05.2020 00:00;71
23.05.2020 00:00;82
24.05.2020 00:00;71
25.05.2020 00:00;74
26.05.2020 00:00;55
27.05.2020 00:00;59
28.05.2020 00:00;126
29.05.2020 00:00;260
30.05.2020 00:00;377
31.05.2020 00:00;490
01.06.2020 00:00;381
02.06.2020 00:00;305
03.06.2020 00:00;267
04.06.2020 00:00;251
05.06.2020 00:00;233
06.06.2020 00:00;261
07.06.2020 00:00;231
08.06.2020 00:00;184
09.06.2020 00:00;152
10.06.2020 00:00;165
11.06.2020 00:00;153
12.06.2020 00:00;150
13.06.2020 00:00;160
14.06.2020 00:00;161
15.06.2020 00:00;131
16.06.2020 00:00;128
17.06.2020 00:00;136
18.06.2020 00:00;113
19.06.2020 00:00;445
20.06.2020 00:00;878
21.06.2020 00:00;706
22.06.2020 00:00;405
23.06.2020 00:00;246
24.06.2020 00:00;229
25.06.2020 00:00;203
26.06.2020 00:00;201
27.06.2020 00:00;253
28.06.2020 00:00;300
29.06.2020 00:00;207
30.06.2020 00:00;192
01.07.2020 00:00;153
02.07.2020 00:00;162
03.07.2020 00:00;159
04.07.2020 00:00;171
05.07.2020 00:00;187
06.07.2020 00:00;138
07.07.2020 00:00;141
08.07.2020 00:00;121
09.07.2020 00:00;134
10.07.2020 00:00;132
11.07.2020 00:00;196
12.07.2020 00:00;203
13.07.2020 00:00;151
14.07.2020 00:00;150
15.07.2020 00:00;149
16.07.2020 00:00;145
17.07.2020 00:00;159
18.07.2020 00:00;199
19.07.2020 00:00;216
20.07.2020 00:00;173
21.07.2020 00:00;170
22.07.2020 00:00;119
23.07.2020 00:00;118
24.07.2020 00:00;119
25.07.2020 00:00;126
26.07.2020 00:00;149
27.07.2020 00:00;130
28.07.2020 00:00;104
29.07.2020 00:00;85
30.07.2020 00:00;73
31.07.2020 00:00;88
01.08.2020 00:00;95
02.08.2020 00:00;101
03.08.2020 00:00;90
04.08.2020 00:00;81
05.08.2020 00:00;68
06.08.2020 00:00;71
07.08.2020 00:00;71
08.08.2020 00:00;70
09.08.2020 00:00;74
10.08.2020 00:00;56
11.08.2020 00:00;47
12.08.2020 00:00;45
13.08.2020 00:00;51
14.08.2020 00:00;50
15.08.2020 00:00;69
16.08.2020 00:00;62
17.08.2020 00:00;53
18.08.2020 00:00;41
19.08.2020 00:00;53
20.08.2020 00:00;51
21.08.2020 00:00;45
22.08.2020 00:00;58
23.08.2020 00:00;75
24.08.2020 00:00;65
25.08.2020 00:00;54
26.08.2020 00:00;51
27.08.2020 00:00;50
28.08.2020 00:00;51
29.08.2020 00:00;62
30.08.2020 00:00;84
31.08.2020 00:00;57
01.09.2020 00:00;46
02.09.2020 00:00;36
03.09.2020 00:00;37
04.09.2020 00:00;43
05.09.2020 00:00;53
06.09.2020 00:00;62
07.09.2020 00:00;53
08.09.2020 00:00;53
09.09.2020 00:00;53
10.09.2020 00:00;44
11.09.2020 00:00;47
12.09.2020 00:00;53
13.09.2020 00:00;58
14.09.2020 00:00;59
15.09.2020 00:00;46
16.09.2020 00:00;37
17.09.2020 00:00;48
18.09.2020 00:00;47
19.09.2020 00:00;51
20.09.2020 00:00;63
21.09.2020 00:00;52
22.09.2020 00:00;40
23.09.2020 00:00;49
24.09.2020 00:00;42
25.09.2020 00:00;45
26.09.2020 00:00;71
27.09.2020 00:00;67
28.09.2020 00:00;51
29.09.2020 00:00;47
30.09.2020 00:00;39
01.10.2020 00:00;42
02.10.2020 00:00;41
03.10.2020 00:00;62
04.10.2020 00:00;58
05.10.2020 00:00;43
06.10.2020 00:00;49
07.10.2020 00:00;33
08.10.2020 00:00;44
09.10.2020 00:00;35
10.10.2020 00:00;53
11.10.2020 00:00;55
12.10.2020 00:00;38
13.10.2020 00:00;50
14.10.2020 00:00;52
15.10.2020 00:00;37
16.10.2020 00:00;53
17.10.2020 00:00;48
18.10.2020 00:00;56
19.10.2020 00:00;51
20.10.2020 00:00;51
21.10.2020 00:00;47
22.10.2020 00:00;46
23.10.2020 00:00;50
24.10.2020 00:00;59
25.10.2020 00:00;70
26.10.2020 00:00;48
27.10.2020 00:00;45
28.10.2020 00:00;51
29.10.2020 00:00;51
30.10.2020 00:00;98
31.10.2020 00:00;141
01.11.2020 00:00;164
02.11.2020 00:00;158
03.11.2020 00:00;124
04.11.2020 00:00;107
05.11.2020 00:00;108
06.11.2020 00:00;113
07.11.2020 00:00;126
08.11.2020 00:00;110
09.11.2020 00:00;105
10.11.2020 00:00;263
11.11.2020 00:00;394
12.11.2020 00:00;325
13.11.2020 00:00;275
14.11.2020 00:00;310
15.11.2020 00:00;290
16.11.2020 00:00;233
17.11.2020 00:00;200
18.11.2020 00:00;197
19.11.2020 00:00;170
20.11.2020 00:00;177
21.11.2020 00:00;193
22.11.2020 00:00;173
23.11.2020 00:00;131
24.11.2020 00:00;113
25.11.2020 00:00;108
26.11.2020 00:00;145
27.11.2020 00:00;156
28.11.2020 00:00;191
29.11.2020 00:00;202
30.11.2020 00:00;155
01.12.2020 00:00;162
02.12.2020 00:00;163
03.12.2020 00:00;113
04.12.2020 00:00;104
05.12.2020 00:00;105
06.12.2020 00:00;109
07.12.2020 00:00;80
08.12.2020 00:00;112
09.12.2020 00:00;86
10.12.2020 00:00;66
11.12.2020 00:00;72
12.12.2020 00:00;86
13.12.2020 00:00;73
14.12.2020 00:00;67
15.12.2020 00:00;67
16.12.2020 00:00;64
17.12.2020 00:00;60
18.12.2020 00:00;61
19.12.2020 00:00;74
20.12.2020 00:00;75
21.12.2020 00:00;60
22.12.2020 00:00;70
23.12.2020 00:00;82
24.12.2020 00:00;89
25.12.2020 00:00;123
26.12.2020 00:00;143
27.12.2020 00:00;146
28.12.2020 00:00;138
29.12.2020 00:00;138
30.12.2020 00:00;138
31.12.2020 00:00;140
01.01.2021 00:00;379
02.01.2021 00:00;651
03.01.2021 00:00;608
04.01.2021 00:00;448
05.01.2021 00:00;426
06.01.2021 00:00;358
07.01.2021 00:00;336
08.01.2021 00:00;356
09.01.2021 00:00;384
10.01.2021 00:00;398
11.01.2021 00:00;288
12.01.2021 00:00;258
13.01.2021 00:00;233
14.01.2021 00:00;251
15.01.2021 00:00;275
16.01.2021 00:00;296
17.01.2021 00:00;299
18.01.2021 00:00;240
19.01.2021 00:00;208
20.01.2021 00:00;204
21.01.2021 00:00;193
22.01.2021 00:00;227
23.01.2021 00:00;249
24.01.2021 00:00;248
25.01.2021 00:00;214
26.01.2021 00:00;193
27.01.2021 00:00;172
28.01.2021 00:00;178
29.01.2021 00:00;254
30.01.2021 00:00;490
31.01.2021 00:00;499
01.02.2021 00:00;362
02.02.2021 00:00;341
03.02.2021 00:00;323
04.02.2021 00:00;292
05.02.2021 00:00;368
06.02.2021 00:00;390
07.02.2021 00:00;479
08.02.2021 00:00;519
09.02.2021 00:00;467
10.02.2021 00:00;457
11.02.2021 00:00;410
12.02.2021 00:00;390
13.02.2021 00:00;504
14.02.2021 00:00;433
15.02.2021 00:00;414
16.02.2021 00:00;321
17.02.2021 00:00;300
18.02.2021 00:00;292
19.02.2021 00:00;288
20.02.2021 00:00;357
21.02.2021 00:00;354
22.02.2021 00:00;271
23.02.2021 00:00;273
24.02.2021 00:00;248
25.02.2021 00:00;201
26.02.2021 00:00;249
27.02.2021 00:00;250
28.02.2021 00:00;254
01.03.2021 00:00;193
02.03.2021 00:00;192
03.03.2021 00:00;198
04.03.2021 00:00;189
05.03.2021 00:00;204
06.03.2021 00:00;246
07.03.2021 00:00;269
08.03.2021 00:00;216
09.03.2021 00:00;186
10.03.2021 00:00;216
11.03.2021 00:00;170
12.03.2021 00:00;179
13.03.2021 00:00;232
14.03.2021 00:00;285
15.03.2021 00:00;197
16.03.2021 00:00;231
17.03.2021 00:00;282
18.03.2021 00:00;298
19.03.2021 00:00;397
20.03.2021 00:00;487
21.03.2021 00:00;585
22.03.2021 00:00;411
23.03.2021 00:00;364
24.03.2021 00:00;355
25.03.2021 00:00;348
26.03.2021 00:00;340
27.03.2021 00:00;374
28.03.2021 00:00;368
29.03.2021 00:00;256
30.03.2021 00:00;248
31.03.2021 00:00;267
01.04.2021 00:00;250
02.04.2021 00:00;262
03.04.2021 00:00;211
04.04.2021 00:00;241
05.04.2021 00:00;196
06.04.2021 00:00;171
07.04.2021 00:00;173
08.04.2021 00:00;149
09.04.2021 00:00;142
10.04.2021 00:00;182
11.04.2021 00:00;183
12.04.2021 00:00;152
13.04.2021 00:00;125
14.04.2021 00:00;129
15.04.2021 00:00;132
16.04.2021 00:00;126
17.04.2021 00:00;152
18.04.2021 00:00;147
19.04.2021 00:00;116
20.04.2021 00:00;111
21.04.2021 00:00;114
22.04.2021 00:00;120
23.04.2021 00:00;125
24.04.2021 00:00;129
25.04.2021 00:00;147
26.04.2021 00:00;116
27.04.2021 00:00;109
28.04.2021 00:00;89
29.04.2021 00:00;117
30.04.2021 00:00;98
01.05.2021 00:00;125
02.05.2021 00:00;114
03.05.2021 00:00;96
04.05.2021 00:00;102
05.05.2021 00:00;122
06.05.2021 00:00;119
07.05.2021 00:00;103
08.05.2021 00:00;124
09.05.2021 00:00;133
10.05.2021 00:00;114
11.05.2021 00:00;118
12.05.2021 00:00;105
13.05.2021 00:00;114
14.05.2021 00:00;95
15.05.2021 00:00;114
16.05.2021 00:00;123
17.05.2021 00:00;99
18.05.2021 00:00;99
19.05.2021 00:00;79
20.05.2021 00:00;89
21.05.2021 00:00;111
22.05.2021 00:00;105
23.05.2021 00:00;128
24.05.2021 00:00;97
25.05.2021 00:00;96
26.05.2021 00:00;78
27.05.2021 00:00;85
28.05.2021 00:00;83
29.05.2021 00:00;81
30.05.2021 00:00;82
31.05.2021 00:00;76
01.06.2021 00:00;78
02.06.2021 00:00;73
03.06.2021 00:00;106
04.06.2021 00:00;180
05.06.2021 00:00;269
06.06.2021 00:00;302
07.06.2021 00:00;257
08.06.2021 00:00;206
09.06.2021 00:00;182
10.06.2021 00:00;164
11.06.2021 00:00;173
12.06.2021 00:00;187
13.06.2021 00:00;197
14.06.2021 00:00;137
15.06.2021 00:00;146
16.06.2021 00:00;122
17.06.2021 00:00;115
18.06.2021 00:00;122
19.06.2021 00:00;138
20.06.2021 00:00;133
21.06.2021 00:00;107
22.06.2021 00:00;101
23.06.2021 00:00;102
24.06.2021 00:00;81
25.06.2021 00:00;123
26.06.2021 00:00;126
27.06.2021 00:00;158
28.06.2021 00:00;137
29.06.2021 00:00;123
30.06.2021 00:00;115
01.07.2021 00:00;124
02.07.2021 00:00;126
03.07.2021 00:00;153
04.07.2021 00:00;164
05.07.2021 00:00;141
06.07.2021 00:00;136
07.07.2021 00:00;118
08.07.2021 00:00;133
09.07.2021 00:00;139
10.07.2021 00:00;181
11.07.2021 00:00;191
12.07.2021 00:00;139
13.07.2021 00:00;172
14.07.2021 00:00;153
15.07.2021 00:00;119
16.07.2021 00:00;126
17.07.2021 00:00;146
18.07.2021 00:00;149
19.07.2021 00:00;136
20.07.2021 00:00;114
21.07.2021 00:00;98
22.07.2021 00:00;79
23.07.2021 00:00;106
24.07.2021 00:00;106
25.07.2021 00:00;112
26.07.2021 00:00;90
27.07.2021 00:00;91
28.07.2021 00:00;68
29.07.2021 00:00;76
30.07.2021 00:00;70
31.07.2021 00:00;88
01.08.2021 00:00;108
02.08.2021 00:00;72
03.08.2021 00:00;90
04.08.2021 00:00;79
05.08.2021 00:00;69
06.08.2021 00:00;81
07.08.2021 00:00;80
08.08.2021 00:00;88
09.08.2021 00:00;74
10.08.2021 00:00;71
11.08.2021 00:00;66
12.08.2021 00:00;76
13.08.2021 00:00;84
14.08.2021 00:00;101
15.08.2021 00:00;109
16.08.2021 00:00;91
17.08.2021 00:00;86
18.08.2021 00:00;79
19.08.2021 00:00;74
20.08.2021 00:00;78
21.08.2021 00:00;94
22.08.2021 00:00;109
23.08.2021 00:00;95
24.08.2021 00:00;97
25.08.2021 00:00;96
26.08.2021 00:00;85
27.08.2021 00:00;88
28.08.2021 00:00;92
29.08.2021 00:00;104
30.08.2021 00:00;92
31.08.2021 00:00;77
01.09.2021 00:00;79
02.09.2021 00:00;70
03.09.2021 00:00;62
04.09.2021 00:00;81
05.09.2021 00:00;92
06.09.2021 00:00;75
07.09.2021 00:00;70
08.09.2021 00:00;62
09.09.2021 00:00;53
10.09.2021 00:00;65
11.09.2021 00:00;73
12.09.2021 00:00;93
13.09.2021 00:00;73
14.09.2021 00:00;62
15.09.2021 00:00;71
16.09.2021 00:00;56
17.09.2021 00:00;174
18.09.2021 00:00;426
19.09.2021 00:00;408
20.09.2021 00:00;254
21.09.2021 00:00;208
22.09.2021 00:00;171
23.09.2021 00:00;150
24.09.2021 00:00;139
25.09.2021 00:00;163
26.09.2021 00:00;147
27.09.2021 00:00;111
28.09.2021 00:00;105
29.09.2021 00:00;82
30.09.2021 00:00;84
01.10.2021 00:00;114
02.10.2021 00:00;114
03.10.2021 00:00;127
04.10.2021 00:00;109
05.10.2021 00:00;112
06.10.2021 00:00;90
07.10.2021 00:00;64
08.10.2021 00:00;84
09.10.2021 00:00;75
10.10.2021 00:00;90
11.10.2021 00:00;70
12.10.2021 00:00;65
13.10.2021 00:00;64
14.10.2021 00:00;56
15.10.2021 00:00;67
16.10.2021 00:00;76
17.10.2021 00:00;71
18.10.2021 00:00;62
19.10.2021 00:00;55
20.10.2021 00:00;62
21.10.2021 00:00;54
22.10.2021 00:00;90
23.10.2021 00:00;111
24.10.2021 00:00;117
25.10.2021 00:00;94
26.10.2021 00:00;87
27.10.2021 00:00;73
28.10.2021 00:00;74
29.10.2021 00:00;98
30.10.2021 00:00;119
31.10.2021 00:00;128
01.11.2021 00:00;99
02.11.2021 00:00;102
03.11.2021 00:00;83
04.11.2021 00:00;70
05.11.2021 00:00;87
06.11.2021 00:00;78
07.11.2021 00:00;92
08.11.2021 00:00;59
09.11.2021 00:00;57
10.11.2021 00:00;60
11.11.2021 00:00;56
12.11.2021 00:00;76
13.11.2021 00:00;78
14.11.2021 00:00;69
15.11.2021 00:00;54
16.11.2021 00:00;50
17.11.2021 00:00;64
18.11.2021 00:00;76
19.11.2021 00:00;75
20.11.2021 00:00;84
21.11.2021 00:00;85
22.11.2021 00:00;62
23.11.2021 00:00;64
24.11.2021 00:00;81
25.11.2021 00:00;74
26.11.2021 00:00;95
27.11.2021 00:00;94
28.11.2021 00:00;111
29.11.2021 00:00;81
30.11.2021 00:00;88
01.12.2021 00:00;77
02.12.2021 00:00;78
03.12.2021 00:00;85
04.12.2021 00:00;83
05.12.2021 00:00;83
06.12.2021 00:00;67
07.12.2021 00:00;66
08.12.2021 00:00;62
09.12.2021 00:00;59
10.12.2021 00:00;52
11.12.2021 00:00;65
12.12.2021 00:00;73
13.12.2021 00:00;48
14.12.2021 00:00;65
15.12.2021 00:00;57
16.12.2021 00:00;47
17.12.2021 00:00;36
18.12.2021 00:00;55
19.12.2021 00:00;61
20.12.2021 00:00;44
21.12.2021 00:00;55
22.12.2021 00:00;54
23.12.2021 00:00;72
24.12.2021 00:00;56
25.12.2021 00:00;77
26.12.2021 00:00;100
27.12.2021 00:00;96
28.12.2021 00:00;106
29.12.2021 00:00;112
30.12.2021 00:00;116
31.12.2021 00:00;99
01.01.2022 00:00;127
02.01.2022 00:00;142
03.01.2022 00:00;129
04.01.2022 00:00;96
05.01.2022 00:00;109
06.01.2022 00:00;92
07.01.2022 00:00;101
08.01.2022 00:00;99
09.01.2022 00:00;103
10.01.2022 00:00;82
11.01.2022 00:00;67
12.01.2022 00:00;69
13.01.2022 00:00;71
14.01.2022 00:00;71
15.01.2022 00:00;86
16.01.2022 00:00;80
17.01.2022 00:00;70
18.01.2022 00:00;66
19.01.2022 00:00;58
20.01.2022 00:00;68
21.01.2022 00:00;69
22.01.2022 00:00;78
23.01.2022 00:00;81
24.01.2022 00:00;54
25.01.2022 00:00;55
26.01.2022 00:00;69
27.01.2022 00:00;64
28.01.2022 00:00;87
29.01.2022 00:00;110
30.01.2022 00:00;113
31.01.2022 00:00;87
01.02.2022 00:00;85
02.02.2022 00:00;85
03.02.2022 00:00;92
04.02.2022 00:00;81
05.02.2022 00:00;98
06.02.2022 00:00;96
07.02.2022 00:00;72
08.02.2022 00:00;50
09.02.2022 00:00;53
10.02.2022 00:00;47
11.02.2022 00:00;50
12.02.2022 00:00;59
13.02.2022 00:00;65
14.02.2022 00:00;46
15.02.2022 00:00;55
16.02.2022 00:00;52
17.02.2022 00:00;48
18.02.2022 00:00;47
19.02.2022 00:00;59
20.02.2022 00:00;61
21.02.2022 00:00;57
22.02.2022 00:00;54
23.02.2022 00:00;42
24.02.2022 00:00;38
25.02.2022 00:00;37
26.02.2022 00:00;37
27.02.2022 00:00;42
28.02.2022 00:00;46
01.03.2022 00:00;52
02.03.2022 00:00;66
03.03.2022 00:00;50
04.03.2022 00:00;55
05.03.2022 00:00;75
06.03.2022 00:00;70
07.03.2022 00:00;54
08.03.2022 00:00;61
09.03.2022 00:00;52
10.03.2022 00:00;42
11.03.2022 00:00;48
12.03.2022 00:00;64
13.03.2022 00:00;74
14.03.2022 00:00;55
15.03.2022 00:00;45
16.03.2022 00:00;49
17.03.2022 00:00;46
18.03.2022 00:00;60
19.03.2022 00:00;64
20.03.2022 00:00;65
21.03.2022 00:00;53
22.03.2022 00:00;50
23.03.2022 00:00;64
24.03.2022 00:00;55
25.03.2022 00:00;102
26.03.2022 00:00;127
27.03.2022 00:00;170
28.03.2022 00:00;118
29.03.2022 00:00;106
30.03.2022 00:00;95
31.03.2022 00:00;73
01.04.2022 00:00;70
02.04.2022 00:00;96
03.04.2022 00:00;89
04.04.2022 00:00;67
05.04.2022 00:00;70
06.04.2022 00:00;54
07.04.2022 00:00;48
08.04.2022 00:00;64
09.04.2022 00:00;77
10.04.2022 00:00;66
11.04.2022 00:00;60
12.04.2022 00:00;51
13.04.2022 00:00;42
14.04.2022 00:00;45
15.04.2022 00:00;73
16.04.2022 00:00;58
17.04.2022 00:00;65
18.04.2022 00:00;57
19.04.2022 00:00;48
20.04.2022 00:00;45
21.04.2022 00:00;33
22.04.2022 00:00;49
23.04.2022 00:00;63
24.04.2022 00:00;66
25.04.2022 00:00;63
26.04.2022 00:00;60
27.04.2022 00:00;55
28.04.2022 00:00;44
29.04.2022 00:00;47
30.04.2022 00:00;55
01.05.2022 00:00;55
02.05.2022 00:00;47
03.05.2022 00:00;43
04.05.2022 00:00;42
05.05.2022 00:00;46
06.05.2022 00:00;44
07.05.2022 00:00;54
08.05.2022 00:00;56
09.05.2022 00:00;54
10.05.2022 00:00;50
11.05.2022 00:00;44
12.05.2022 00:00;41
13.05.2022 00:00;40
14.05.2022 00:00;75
15.05.2022 00:00;102
16.05.2022 00:00;79
17.05.2022 00:00;67
18.05.2022 00:00;51
19.05.2022 00:00;42
20.05.2022 00:00;44
21.05.2022 00:00;50
22.05.2022 00:00;56
23.05.2022 00:00;47
24.05.2022 00:00;47
25.05.2022 00:00;43
26.05.2022 00:00;50
27.05.2022 00:00;43
28.05.2022 00:00;58
29.05.2022 00:00;53
30.05.2022 00:00;47
31.05.2022 00:00;31
01.06.2022 00:00;61
02.06.2022 00:00;84
03.06.2022 00:00;91
04.06.2022 00:00;140
05.06.2022 00:00;148
06.06.2022 00:00;118
07.06.2022 00:00;111
08.06.2022 00:00;102
09.06.2022 00:00;96
10.06.2022 00:00;113
11.06.2022 00:00;97
12.06.2022 00:00;98
13.06.2022 00:00;80
14.06.2022 00:00;70
15.06.2022 00:00;68
16.06.2022 00:00;70
17.06.2022 00:00;75
18.06.2022 00:00;90
19.06.2022 00:00;93
20.06.2022 00:00;68
21.06.2022 00:00;66
22.06.2022 00:00;54
23.06.2022 00:00;64
24.06.2022 00:00;70
25.06.2022 00:00;92
26.06.2022 00:00;110
27.06.2022 00:00;69
28.06.2022 00:00;71
29.06.2022 00:00;72
30.06.2022 00:00;55
01.07.2022 00:00;59
02.07.2022 00:00;76
03.07.2022 00:00;77
04.07.2022 00:00;80
05.07.2022 00:00;64
06.07.2022 00:00;67
07.07.2022 00:00;73
08.07.2022 00:00;102
09.07.2022 00:00;108
10.07.2022 00:00;124
11.07.2022 00:00;81
12.07.2022 00:00;74
13.07.2022 00:00;66
14.07.2022 00:00;71
15.07.2022 00:00;78
16.07.2022 00:00;90
17.07.2022 00:00;110
18.07.2022 00:00;74
19.07.2022 00:00;76
20.07.2022 00:00;78
21.07.2022 00:00;71
22.07.2022 00:00;70
23.07.2022 00:00;86
24.07.2022 00:00;98
25.07.2022 00:00;68
26.07.2022 00:00;68
27.07.2022 00:00;67
28.07.2022 00:00;66
29.07.2022 00:00;67
30.07.2022 00:00;75
31.07.2022 00:00;80
01.08.2022 00:00;65
02.08.2022 00:00;54
03.08.2022 00:00;61
04.08.2022 00:00;54
05.08.2022 00:00;59
06.08.2022 00:00;69
07.08.2022 00:00;81
08.08.2022 00:00;53
09.08.2022 00:00;53
10.08.2022 00:00;55
11.08.2022 00:00;47
12.08.2022 00:00;54
13.08.2022 00:00;55
14.08.2022 00:00;58
15.08.2022 00:00;52
16.08.2022 00:00;46
17.08.2022 00:00;44
18.08.2022 00:00;49
19.08.2022 00:00;46
20.08.2022 00:00;54
21.08.2022 00:00;69
22.08.2022 00:00;56
23.08.2022 00:00;40
24.08.2022 00:00;39
25.08.2022 00:00;36
26.08.2022 00:00;41
27.08.2022 00:00;44
28.08.2022 00:00;40
29.08.2022 00:00;34
30.08.2022 00:00;33
31.08.2022 00:00;43
01.09.2022 00:00;32
02.09.2022 00:00;32
03.09.2022 00:00;48
04.09.2022 00:00;56
05.09.2022 00:00;44
06.09.2022 00:00;46
07.09.2022 00:00;45
08.09.2022 00:00;44
09.09.2022 00:00;38
10.09.2022 00:00;47
11.09.2022 00:00;64
12.09.2022 00:00;35
13.09.2022 00:00;42
14.09.2022 00:00;44
15.09.2022 00:00;39
16.09.2022 00:00;34
17.09.2022 00:00;38
18.09.2022 00:00;47
19.09.2022 00:00;44
20.09.2022 00:00;57
21.09.2022 00:00;67
22.09.2022 00:00;68
23.09.2022 00:00;79
24.09.2022 00:00;96
25.09.2022 00:00;102
26.09.2022 00:00;80
27.09.2022 00:00;77
28.09.2022 00:00;64
29.09.2022 00:00;54
30.09.2022 00:00;64
01.10.2022 00:00;65
02.10.2022 00:00;83
03.10.2022 00:00;60
04.10.2022 00:00;51
05.10.2022 00:00;58
06.10.2022 00:00;56
07.10.2022 00:00;55
08.10.2022 00:00;70
09.10.2022 00:00;72
10.10.2022 00:00;57
11.10.2022 00:00;56
12.10.2022 00:00;46
13.10.2022 00:00;45
14.10.2022 00:00;58
15.10.2022 00:00;53
16.10.2022 00:00;58
17.10.2022 00:00;47
18.10.2022 00:00;44
19.10.2022 00:00;39
20.10.2022 00:00;31
21.10.2022 00:00;42
22.10.2022 00:00;43
23.10.2022 00:00;54
24.10.2022 00:00;41
25.10.2022 00:00;43
26.10.2022 00:00;40
27.10.2022 00:00;33
28.10.2022 00:00;34
29.10.2022 00:00;40
30.10.2022 00:00;44
31.10.2022 00:00;36
01.11.2022 00:00;35
02.11.2022 00:00;31
03.11.2022 00:00;32
04.11.2022 00:00;37
05.11.2022 00:00;48
06.11.2022 00:00;39
07.11.2022 00:00;32
08.11.2022 00:00;36
09.11.2022 00:00;32
10.11.2022 00:00;28
11.11.2022 00:00;37
12.11.2022 00:00;47
13.11.2022 00:00;44
14.11.2022 00:00;42
15.11.2022 00:00;40
16.11.2022 00:00;32
17.11.2022 00:00;36
18.11.2022 00:00;35
19.11.2022 00:00;45
20.11.2022 00:00;51
21.11.2022 00:00;33
22.11.2022 00:00;31
23.11.2022 00:00;39
24.11.2022 00:00;53
25.11.2022 00:00;64
26.11.2022 00:00;64
27.11.2022 00:00;71
28.11.2022 00:00;72
29.11.2022 00:00;53
30.11.2022 00:00;45
01.12.2022 00:00;53
02.12.2022 00:00;54
03.12.2022 00:00;54
04.12.2022 00:00;65
05.12.2022 00:00;48
06.12.2022 00:00;51
07.12.2022 00:00;37
08.12.2022 00:00;49
09.12.2022 00:00;43
10.12.2022 00:00;61
11.12.2022 00:00;55
12.12.2022 00:00;39
13.12.2022 00:00;34
14.12.2022 00:00;34
15.12.2022 00:00;31
16.12.2022 00:00;35
17.12.2022 00:00;40
18.12.2022 00:00;47
19.12.2022 00:00;45
20.12.2022 00:00;37
21.12.2022 00:00;36
22.12.2022 00:00;40
23.12.2022 00:00;53
24.12.2022 00:00;61
25.12.2022 00:00;63
26.12.2022 00:00;73
27.12.2022 00:00;71
28.12.2022 00:00;75
29.12.2022 00:00;91
30.12.2022 00:00;77
31.12.2022 00:00;70
01.01.2023 00:00;90
02.01.2023 00:00;95
03.01.2023 00:00;69
04.01.2023 00:00;74
05.01.2023 00:00;70
06.01.2023 00:00;69
07.01.2023 00:00;103
08.01.2023 00:00;84
09.01.2023 00:00;71
10.01.2023 00:00;66
11.01.2023 00:00;55
12.01.2023 00:00;57
13.01.2023 00:00;65
14.01.2023 00:00;73
15.01.2023 00:00;63
16.01.2023 00:00;58
17.01.2023 00:00;57
18.01.2023 00:00;57
19.01.2023 00:00;43
20.01.2023 00:00;49
21.01.2023 00:00;59
22.01.2023 00:00;70
23.01.2023 00:00;57
24.01.2023 00:00;62
25.01.2023 00:00;55
26.01.2023 00:00;61
27.01.2023 00:00;65
28.01.2023 00:00;69
29.01.2023 00:00;76
30.01.2023 00:00;60
31.01.2023 00:00;62
01.02.2023 00:00;47
02.02.2023 00:00;48
03.02.2023 00:00;66
04.02.2023 00:00;78
05.02.2023 00:00;63
06.02.2023 00:00;46
07.02.2023 00:00;43
08.02.2023 00:00;39
09.02.2023 00:00;47
10.02.2023 00:00;54
11.02.2023 00:00;49
12.02.2023 00:00;50
13.02.2023 00:00;40
14.02.2023 00:00;42
15.02.2023 00:00;48
16.02.2023 00:00;49
17.02.2023 00:00;42
18.02.2023 00:00;53
19.02.2023 00:00;58
20.02.2023 00:00;46
21.02.2023 00:00;38
22.02.2023 00:00;39
23.02.2023 00:00;39
24.02.2023 00:00;39
25.02.2023 00:00;51
26.02.2023 00:00;45
27.02.2023 00:00;42
28.02.2023 00:00;34
01.03.2023 00:00;38
02.03.2023 00:00;78
03.03.2023 00:00;120
04.03.2023 00:00;179
05.03.2023 00:00;167
06.03.2023 00:00;137
07.03.2023 00:00;145
08.03.2023 00:00;135
09.03.2023 00:00;140
10.03.2023 00:00;142
11.03.2023 00:00;145
12.03.2023 00:00;145
13.03.2023 00:00;117
14.03.2023 00:00;100
15.03.2023 00:00;106
16.03.2023 00:00;86
17.03.2023 00:00;115
18.03.2023 00:00;150
19.03.2023 00:00;166
20.03.2023 00:00;149
21.03.2023 00:00;154
22.03.2023 00:00;146
23.03.2023 00:00;150
24.03.2023 00:00;125
25.03.2023 00:00;130
26.03.2023 00:00;124
27.03.2023 00:00;124
28.03.2023 00:00;108
29.03.2023 00:00;98
30.03.2023 00:00;97
31.03.2023 00:00;94
01.04.2023 00:00;126
02.04.2023 00:00;135
03.04.2023 00:00;87
04.04.2023 00:00;87
05.04.2023 00:00;79
06.04.2023 00:00;86
07.04.2023 00:00;108
08.04.2023 00:00;104
09.04.2023 00:00;106
10.04.2023 00:00;108
11.04.2023 00:00;71
12.04.2023 00:00;65
13.04.2023 00:00;51
14.04.2023 00:00;57
15.04.2023 00:00;77
16.04.2023 00:00;82
17.04.2023 00:00;72
18.04.2023 00:00;55
19.04.2023 00:00;55
20.04.2023 00:00;53
21.04.2023 00:00;56
22.04.2023 00:00;69
23.04.2023 00:00;67
24.04.2023 00:00;62
25.04.2023 00:00;55
26.04.2023 00:00;61
27.04.2023 00:00;61
28.04.2023 00:00;43
29.04.2023 00:00;54
30.04.2023 00:00;64
01.05.2023 00:00;58
02.05.2023 00:00;48
03.05.2023 00:00;52
04.05.2023 00:00;41
05.05.2023 00:00;38
06.05.2023 00:00;49
07.05.2023 00:00;65
08.05.2023 00:00;54
09.05.2023 00:00;40
10.05.2023 00:00;42
11.05.2023 00:00;46
12.05.2023 00:00;38
13.05.2023 00:00;42
14.05.2023 00:00;52
15.05.2023 00:00;44
16.05.2023 00:00;41
17.05.2023 00:00;58
18.05.2023 00:00;57
19.05.2023 00:00;60
20.05.2023 00:00;55
21.05.2023 00:00;62
22.05.2023 00:00;47
23.05.2023 00:00;49
24.05.2023 00:00;40
25.05.2023 00:00;77
26.05.2023 00:00;160
27.05.2023 00:00;240
28.05.2023 00:00;288
29.05.2023 00:00;250
30.05.2023 00:00;227
31.05.2023 00:00;200
01.06.2023 00:00;181
02.06.2023 00:00;153
03.06.2023 00:00;162
04.06.2023 00:00;161
05.06.2023 00:00;131
06.06.2023 00:00;111
07.06.2023 00:00;116
08.06.2023 00:00;103
09.06.2023 00:00;109
10.06.2023 00:00;116
11.06.2023 00:00;120
12.06.2023 00:00;86
13.06.2023 00:00;83
14.06.2023 00:00;76
15.06.2023 00:00;59
16.06.2023 00:00;59
17.06.2023 00:00;76
18.06.2023 00:00;68
19.06.2023 00:00;61
20.06.2023 00:00;59
21.06.2023 00:00;50
22.06.2023 00:00;49
23.06.2023 00:00;53
24.06.2023 00:00;51
25.06.2023 00:00;63
26.06.2023 00:00;41
27.06.2023 00:00;55
28.06.2023 00:00;45
29.06.2023 00:00;50
30.06.2023 00:00;68
01.07.2023 00:00;77
02.07.2023 00:00;88
03.07.2023 00:00;63
04.07.2023 00:00;82
05.07.2023 00:00;66
06.07.2023 00:00;60
07.07.2023 00:00;77
08.07.2023 00:00;101
09.07.2023 00:00;101
10.07.2023 00:00;69
11.07.2023 00:00;68
12.07.2023 00:00;70
13.07.2023 00:00;68
14.07.2023 00:00;72
15.07.2023 00:00;79
16.07.2023 00:00;69
17.07.2023 00:00;56
18.07.2023 00:00;60
19.07.2023 00:00;49
20.07.2023 00:00;38
21.07.2023 00:00;57
22.07.2023 00:00;53
23.07.2023 00:00;65
24.07.2023 00:00;41
25.07.2023 00:00;45
26.07.2023 00:00;38
27.07.2023 00:00;40
28.07.2023 00:00;34
29.07.2023 00:00;54
30.07.2023 00:00;51
31.07.2023 00:00;59
01.08.2023 00:00;85
02.08.2023 00:00;95
03.08.2023 00:00;90
04.08.2023 00:00;82
05.08.2023 00:00;94
06.08.2023 00:00;103
07.08.2023 00:00;85
08.08.2023 00:00;66
09.08.2023 00:00;60
10.08.2023 00:00;54
11.08.2023 00:00;59
12.08.2023 00:00;58
13.08.2023 00:00;63
14.08.2023 00:00;44
15.08.2023 00:00;47
16.08.2023 00:00;43
17.08.2023 00:00;42
18.08.2023 00:00;39
19.08.2023 00:00;52
20.08.2023 00:00;61
21.08.2023 00:00;42
22.08.2023 00:00;33
23.08.2023 00:00;36
24.08.2023 00:00;30
25.08.2023 00:00;42
26.08.2023 00:00;54
27.08.2023 00:00;42
28.08.2023 00:00;44
29.08.2023 00:00;40
30.08.2023 00:00;29
31.08.2023 00:00;32
01.09.2023 00:00;29
02.09.2023 00:00;38
03.09.2023 00:00;37
04.09.2023 00:00;36
05.09.2023 00:00;28
06.09.2023 00:00;31
07.09.2023 00:00;29
08.09.2023 00:00;29
09.09.2023 00:00;36
10.09.2023 00:00;32
11.09.2023 00:00;28
12.09.2023 00:00;32
13.09.2023 00:00;34
14.09.2023 00:00;29
15.09.2023 00:00;41
16.09.2023 00:00;37
17.09.2023 00:00;38
18.09.2023 00:00;22
19.09.2023 00:00;29
20.09.2023 00:00;27
21.09.2023 00:00;25
22.09.2023 00:00;29
23.09.2023 00:00;32
24.09.2023 00:00;38
25.09.2023 00:00;35
26.09.2023 00:00;23
27.09.2023 00:00;26
28.09.2023 00:00;21
29.09.2023 00:00;34
30.09.2023 00:00;34
01.10.2023 00:00;44
02.10.2023 00:00;40
03.10.2023 00:00;36
04.10.2023 00:00;36
05.10.2023 00:00;43
06.10.2023 00:00;37
07.10.2023 00:00;36
08.10.2023 00:00;52
09.10.2023 00:00;28
10.10.2023 00:00;29
11.10.2023 00:00;28
12.10.2023 00:00;25
13.10.2023 00:00;29
14.10.2023 00:00;31
15.10.2023 00:00;47
16.10.2023 00:00;36
17.10.2023 00:00;31
18.10.2023 00:00;33
19.10.2023 00:00;32
20.10.2023 00:00;28
21.10.2023 00:00;46
22.10.2023 00:00;36
23.10.2023 00:00;33
24.10.2023 00:00;29
25.10.2023 00:00;29
26.10.2023 00:00;32
27.10.2023 00:00;40
28.10.2023 00:00;36
29.10.2023 00:00;51
30.10.2023 00:00;45
31.10.2023 00:00;51
01.11.2023 00:00;72
02.11.2023 00:00;58
03.11.2023 00:00;69
04.11.2023 00:00;95
05.11.2023 00:00;102
06.11.2023 00:00;95
07.11.2023 00:00;79
08.11.2023 00:00;59
09.11.2023 00:00;55
10.11.2023 00:00;63
11.11.2023 00:00;73
12.11.2023 00:00;70
13.11.2023 00:00;56
14.11.2023 00:00;55
15.11.2023 00:00;39
16.11.2023 00:00;32
17.11.2023 00:00;49
18.11.2023 00:00;53
19.11.2023 00:00;59
20.11.2023 00:00;41
21.11.2023 00:00;42
22.11.2023 00:00;60
23.11.2023 00:00;48
24.11.2023 00:00;57
25.11.2023 00:00;58
26.11.2023 00:00;89
27.11.2023 00:00;60
28.11.2023 00:00;59
29.11.2023 00:00;46
30.11.2023 00:00;46
01.12.2023 00:00;40
02.12.2023 00:00;55
03.12.2023 00:00;58
04.12.2023 00:00;43
05.12.2023 00:00;43
06.12.2023 00:00;34
07.12.2023 00:00;36
08.12.2023 00:00;39
09.12.2023 00:00;41
10.12.2023 00:00;50
11.12.2023 00:00;38
12.12.2023 00:00;36
13.12.2023 00:00;32
14.12.2023 00:00;37
15.12.2023 00:00;41
16.12.2023 00:00;42
17.12.2023 00:00;41
18.12.2023 00:00;31
19.12.2023 00:00;28
20.12.2023 00:00;31
21.12.2023 00:00;33
22.12.2023 00:00;36
23.12.2023 00:00;44
24.12.2023 00:00;49
25.12.2023 00:00;58
26.12.2023 00:00;57
27.12.2023 00:00;55
28.12.2023 00:00;48
29.12.2023 00:00;51
30.12.2023 00:00;55
31.12.2023 00:00;51
01.01.2024 00:00;75
02.01.2024 00:00;58
03.01.2024 00:00;53
04.01.2024 00:00;60
05.01.2024 00:00;55
06.01.2024 00:00;52
07.01.2024 00:00;50
08.01.2024 00:00;51
09.01.2024 00:00;43
10.01.2024 00:00;31
11.01.2024 00:00;40
12.01.2024 00:00;53
13.01.2024 00:00;51
14.01.2024 00:00;50
15.01.2024 00:00;43
16.01.2024 00:00;33
17.01.2024 00:00;41
18.01.2024 00:00;45
19.01.2024 00:00;42
20.01.2024 00:00;52
21.01.2024 00:00;52
22.01.2024 00:00;49
23.01.2024 00:00;40
24.01.2024 00:00;34
25.01.2024 00:00;38
26.01.2024 00:00;26
27.01.2024 00:00;40
28.01.2024 00:00;37
29.01.2024 00:00;37
30.01.2024 00:00;31
31.01.2024 00:00;39
01.02.2024 00:00;38
02.02.2024 00:00;29
03.02.2024 00:00;38
04.02.2024 00:00;48
05.02.2024 00:00;46
06.02.2024 00:00;35
07.02.2024 00:00;34
08.02.2024 00:00;36
09.02.2024 00:00;37
10.02.2024 00:00;39
11.02.2024 00:00;48
12.02.2024 00:00;48
13.02.2024 00:00;38
14.02.2024 00:00;36
15.02.2024 00:00;34
16.02.2024 00:00;33
17.02.2024 00:00;38
18.02.2024 00:00;39
19.02.2024 00:00;34
20.02.2024 00:00;29
21.02.2024 00:00;34
22.02.2024 00:00;36
23.02.2024 00:00;33
24.02.2024 00:00;37
25.02.2024 00:00;46
26.02.2024 00:00;37
27.02.2024 00:00;47
28.02.2024 00:00;55
29.02.2024 00:00;55
01.03.2024 00:00;71
02.03.2024 00:00;90
03.03.2024 00:00;76
04.03.2024 00:00;79
05.03.2024 00:00;73
06.03.2024 00:00;60
07.03.2024 00:00;60
08.03.2024 00:00;71
09.03.2024 00:00;79
10.03.2024 00:00;97
11.03.2024 00:00;59
12.03.2024 00:00;56
13.03.2024 00:00;46
14.03.2024 00:00;49
15.03.2024 00:00;53
16.03.2024 00:00;65
17.03.2024 00:00;63
18.03.2024 00:00;53
19.03.2024 00:00;48
20.03.2024 00:00;57
21.03.2024 00:00;37
22.03.2024 00:00;50
23.03.2024 00:00;52
24.03.2024 00:00;60
25.03.2024 00:00;56
26.03.2024 00:00;41
27.03.2024 00:00;35
28.03.2024 00:00;33
29.03.2024 00:00;36
30.03.2024 00:00;32
31.03.2024 00:00;36
01.04.2024 00:00;45
02.04.2024 00:00;36
03.04.2024 00:00;39
04.04.2024 00:00;43
05.04.2024 00:00;48
06.04.2024 00:00;52
07.04.2024 00:00;42
08.04.2024 00:00;49
09.04.2024 00:00;47
10.04.2024 00:00;46
11.04.2024 00:00;44
12.04.2024 00:00;43
13.04.2024 00:00;50
14.04.2024 00:00;54
15.04.2024 00:00;40
16.04.2024 00:00;55
17.04.2024 00:00;63
18.04.2024 00:00;68
19.04.2024 00:00;68
20.04.2024 00:00;137
21.04.2024 00:00;143
22.04.2024 00:00;124
23.04.2024 00:00;103
24.04.2024 00:00;82
25.04.2024 00:00;69
26.04.2024 00:00;74
27.04.2024 00:00;72
28.04.2024 00:00;59
29.04.2024 00:00;57
30.04.2024 00:00;52
01.05.2024 00:00;46
02.05.2024 00:00;47
03.05.2024 00:00;49
04.05.2024 00:00;50
05.05.2024 00:00;72
06.05.2024 00:00;43
07.05.2024 00:00;31
08.05.2024 00:00;39
09.05.2024 00:00;45
10.05.2024 00:00;40
11.05.2024 00:00;52
12.05.2024 00:00;49
13.05.2024 00:00;40
14.05.2024 00:00;36
15.05.2024 00:00;32
16.05.2024 00:00;30
17.05.2024 00:00;32
18.05.2024 00:00;53
19.05.2024 00:00;36
20.05.2024 00:00;25
21.05.2024 00:00;26
22.05.2024 00:00;32
23.05.2024 00:00;39
24.05.2024 00:00;54
25.05.2024 00:00;86
26.05.2024 00:00;110
27.05.2024 00:00;106
28.05.2024 00:00;83
29.05.2024 00:00;84
30.05.2024 00:00;85
31.05.2024 00:00;92
01.06.2024 00:00;76
02.06.2024 00:00;71
03.06.2024 00:00;49
04.06.2024 00:00;50
05.06.2024 00:00;51
06.06.2024 00:00;52
07.06.2024 00:00;47
08.06.2024 00:00;30
08.06.2024 01:00;28
08.06.2024 02:00;28
08.06.2024 03:00;25
08.06.2024 04:00;15
08.06.2024 05:00;20
08.06.2024 06:00;21
08.06.2024 07:00;24
08.06.2024 08:00;30
08.06.2024 09:00;30
08.06.2024 10:00;30
08.06.2024 11:00;30
08.06.2024 12:00;36
08.06.2024 13:00;41
08.06.2024 14:00;30
08.06.2024 15:00;37
08.06.2024 16:00;41
08.06.2024 17:00;39
08.06.2024 18:00;45
08.06.2024 19:00;49
08.06.2024 20:00;53
08.06.2024 21:00;46
08.06.2024 22:00;41
08.06.2024 23:00;33
09.06.2024 00:00;32
09.06.2024 01:00;35
09.06.2024 02:00;30
09.06.2024 03:00;29
09.06.2024 04:00;31
09.06.2024 05:00;34
09.06.2024 06:00;32
09.06.2024 07:00;30
09.06.2024 08:00;33
09.06.2024 09:00;34
09.06.2024 10:00;35
09.06.2024 11:00;40
09.06.2024 12:00;46
09.06.2024 13:00;46
09.06.2024 14:00;46
09.06.2024 15:00;41
09.06.2024 16:00;48
09.06.2024 17:00;44
09.06.2024 18:00;45
09.06.2024 19:00;50
09.06.2024 20:00;47
09.06.2024 21:00;40
09.06.2024 22:00;33
09.06.2024 23:00;22
10.06.2024 00:00;27
10.06.2024 01:00;29
10.06.2024 02:00;29
10.06.2024 03:00;28
10.06.2024 04:00;24
10.06.2024 05:00;20
10.06.2024 06:00;21
10.06.2024 07:00;24
10.06.2024 08:00;31
10.06.2024 09:00;37
10.06.2024 10:00;36
10.06.2024 11:00;36
10.06.2024 12:00;43
10.06.2024 13:00;41
10.06.2024 14:00;38
10.06.2024 15:00;32
10.06.2024 16:00;37
10.06.2024 17:00;39
10.06.2024 18:00;40
10.06.2024 19:00;38
10.06.2024 20:00;34
10.06.2024 21:00;34
10.06.2024 22:00;35
10.06.2024 23:00;26
11.06.2024 00:00;20
11.06.2024 01:00;17
11.06.2024 02:00;11
11.06.2024 03:00;17
11.06.2024 04:00;18
11.06.2024 05:00;16
11.06.2024 06:00;17
11.06.2024 07:00;18
11.06.2024 08:00;20
11.06.2024 09:00;24
11.06.2024 10:00;22
11.06.2024 11:00;23
11.06.2024 12:00;28
11.06.2024 13:00;30
11.06.2024 14:00;36
11.06.2024 15:00;34
11.06.2024 16:00;27
11.06.2024 17:00;28
11.06.2024 18:00;32
11.06.2024 19:00;34
11.06.2024 20:00;33
11.06.2024 21:00;31
11.06.2024 22:00;28
11.06.2024 23:00;23
12.06.2024 00:00;19
12.06.2024 01:00;19
12.06.2024 02:00;16
12.06.2024 03:00;20
12.06.2024 04:00;21
12.06.2024 05:00;19
12.06.2024 06:00;17
12.06.2024 07:00;17
12.06.2024 08:00;23
12.06.2024 09:00;18
12.06.2024 10:00;21
12.06.2024 11:00;25
12.06.2024 12:00;31
12.06.2024 13:00;22
12.06.2024 14:00;31
12.06.2024 15:00;39
12.06.2024 16:00;36
12.06.2024 17:00;39
12.06.2024 18:00;38
12.06.2024 19:00;38
12.06.2024 20:00;33
12.06.2024 21:00;27
12.06.2024 22:00;26
12.06.2024 23:00;22
13.06.2024 00:00;24
13.06.2024 01:00;23
13.06.2024 02:00;16
13.06.2024 03:00;17
13.06.2024 04:00;17
13.06.2024 05:00;20
13.06.2024 06:00;10
13.06.2024 07:00;10
13.06.2024 08:00;17
13.06.2024 09:00;26
13.06.2024 10:00;27
13.06.2024 11:00;26
13.06.2024 12:00;23
13.06.2024 13:00;28
13.06.2024 14:00;31
13.06.2024 15:00;33
13.06.2024 16:00;31
13.06.2024 17:00;25
13.06.2024 18:00;27
13.06.2024 19:00;30
13.06.2024 20:00;29
13.06.2024 21:00;32
13.06.2024 22:00;24
13.06.2024 23:00;23
14.06.2024 00:00;18
14.06.2024 01:00;22
14.06.2024 02:00;14
14.06.2024 03:00;13
14.06.2024 04:00;14
14.06.2024 05:00;16
14.06.2024 06:00;14
14.06.2024 07:00;14
14.06.2024 08:00;12
14.06.2024 09:00;16
14.06.2024 10:00;17
14.06.2024 11:00;22
14.06.2024 12:00;24
14.06.2024 13:00;28
14.06.2024 14:00;28
14.06.2024 15:00;32
14.06.2024 16:00;35
14.06.2024 17:00;36
14.06.2024 18:00;38
14.06.2024 19:00;41
14.06.2024 20:00;32
14.06.2024 21:00;34
14.06.2024 22:00;32
14.06.2024 23:00;29
15.06.2024 00:00;20
15.06.2024 01:00;21
15.06.2024 02:00;20
15.06.2024 03:00;25
15.06.2024 04:00;27
15.06.2024 05:00;22
15.06.2024 06:00;33
15.06.2024 07:00;23
15.06.2024 08:00;23
15.06.2024 09:00;29
15.06.2024 10:00;27
15.06.2024 11:00;30
15.06.2024 12:00;28
15.06.2024 13:00;30
15.06.2024 14:00;39
15.06.2024 15:00;38
15.06.2024 16:00;35
15.06.2024 17:00;33
15.06.2024 18:00;34
15.06.2024 19:00;31
15.06.2024 20:00;31
15.06.2024 21:00;32
15.06.2024 22:00;25
15.06.2024 23:00;24
16.06.2024 00:00;19
16.06.2024 01:00;17
16.06.2024 02:00;24
16.06.2024 03:00;21
16.06.2024 04:00;21
16.06.2024 05:00;21
16.06.2024 06:00;20
16.06.2024 07:00;20
16.06.2024 08:00;22
16.06.2024 09:00;25
16.06.2024 10:00;24
16.06.2024 11:00;33
16.06.2024 12:00;35
16.06.2024 13:00;32
16.06.2024 14:00;36
16.06.2024 15:00;36
16.06.2024 16:00;32
16.06.2024 17:00;28
16.06.2024 18:00;26
16.06.2024 19:00;32
16.06.2024 20:00;28
16.06.2024 21:00;28
16.06.2024 22:00;21
16.06.2024 23:00;17
17.06.2024 00:00;18
17.06.2024 01:00;16
17.06.2024 02:00;16
17.06.2024 03:00;18
17.06.2024 04:00;17
17.06.2024 05:00;18
17.06.2024 06:00;17
17.06.2024 07:00;15
17.06.2024 08:00;15
17.06.2024 09:00;17
17.06.2024 10:00;18
17.06.2024 11:00;18
17.06.2024 12:00;17
17.06.2024 13:00;25
17.06.2024 14:00;22
17.06.2024 15:00;22
17.06.2024 16:00;25
17.06.2024 17:00;27
17.06.2024 18:00;30
17.06.2024 19:00;30
17.06.2024 20:00;38
17.06.2024 21:00;30
17.06.2024 22:00;16
17.06.2024 23:00;21
18.06.2024 00:00;19
18.06.2024 01:00;18
18.06.2024 02:00;15
18.06.2024 03:00;17
18.06.2024 04:00;15
18.06.2024 05:00;15
18.06.2024 06:00;15
18.06.2024 07:00;15
18.06.2024 08:00;15
18.06.2024 09:00;17
18.06.2024 10:00;19
18.06.2024 11:00;19
18.06.2024 12:00;19
18.06.2024 13:00;21
18.06.2024 14:00;21
18.06.2024 15:00;28
18.06.2024 16:00;26
18.06.2024 17:00;22
18.06.2024 18:00;33
18.06.2024 19:00;30
18.06.2024 20:00;26
18.06.2024 21:00;22
18.06.2024 22:00;16
18.06.2024 23:00;11
19.06.2024 00:00;13
19.06.2024 01:00;14
19.06.2024 02:00;13
19.06.2024 03:00;18
19.06.2024 04:00;18
19.06.2024 05:00;16
19.06.2024 06:00;16
19.06.2024 07:00;22
19.06.2024 08:00;18
19.06.2024 09:00;17
19.06.2024 10:00;17
19.06.2024 11:00;18
19.06.2024 12:00;20
19.06.2024 13:00;22
19.06.2024 14:00;24
19.06.2024 15:00;19
19.06.2024 16:00;21
19.06.2024 17:00;25
19.06.2024 18:00;27
19.06.2024 19:00;33
19.06.2024 20:00;32
19.06.2024 21:00;32
19.06.2024 22:00;24
19.06.2024 23:00;20
20.06.2024 00:00;16
20.06.2024 01:00;13
20.06.2024 02:00;14
20.06.2024 03:00;17
20.06.2024 04:00;15
20.06.2024 05:00;19
20.06.2024 06:00;19
20.06.2024 07:00;22
20.06.2024 08:00;23
20.06.2024 09:00;24
20.06.2024 10:00;24
20.06.2024 11:00;25
20.06.2024 12:00;25
20.06.2024 13:00;19
20.06.2024 14:00;23
20.06.2024 15:00;29
20.06.2024 16:00;28
20.06.2024 17:00;30
20.06.2024 18:00;36
20.06.2024 19:00;36
20.06.2024 20:00;28
20.06.2024 21:00;28
20.06.2024 22:00;23
20.06.2024 23:00;20
21.06.2024 00:00;20
21.06.2024 01:00;17
21.06.2024 02:00;14
21.06.2024 03:00;15
21.06.2024 04:00;10
21.06.2024 05:00;9
21.06.2024 06:00;12
21.06.2024 07:00;13
21.06.2024 08:00;14
21.06.2024 09:00;18
21.06.2024 10:00;18
21.06.2024 11:00;24
21.06.2024 12:00;25
21.06.2024 13:00;25
21.06.2024 14:00;28
21.06.2024 15:00;25
21.06.2024 16:00;23
21.06.2024 17:00;28
21.06.2024 18:00;29
21.06.2024 19:00;32
21.06.2024 20:00;36
21.06.2024 21:00;34
21.06.2024 22:00;23
21.06.2024 23:00;25
22.06.2024 00:00;22
22.06.2024 01:00;20
22.06.2024 02:00;20
22.06.2024 03:00;17
22.06.2024 04:00;17
22.06.2024 05:00;18
22.06.2024 06:00;22
22.06.2024 07:00;27
22.06.2024 08:00;25
22.06.2024 09:00;25
22.06.2024 10:00;28
22.06.2024 11:00;29
22.06.2024 12:00;31
22.06.2024 13:00;34
22.06.2024 14:00;37
22.06.2024 15:00;44
22.06.2024 16:00;38
22.06.2024 17:00;30
22.06.2024 18:00;31
22.06.2024 19:00;32
22.06.2024 20:00;29
22.06.2024 21:00;28
22.06.2024 22:00;24
22.06.2024 23:00;18
23.06.2024 00:00;19
23.06.2024 01:00;23
23.06.2024 02:00;25
23.06.2024 03:00;24
23.06.2024 04:00;13
23.06.2024 05:00;23
23.06.2024 06:00;21
23.06.2024 07:00;22
23.06.2024 08:00;26
23.06.2024 09:00;23
23.06.2024 10:00;25
23.06.2024 11:00;34
23.06.2024 12:00;37
23.06.2024 13:00;36
23.06.2024 14:00;33
23.06.2024 15:00;34
23.06.2024 16:00;41
23.06.2024 17:00;45
23.06.2024 18:00;40
23.06.2024 19:00;38
23.06.2024 20:00;28
23.06.2024 21:00;27
23.06.2024 22:00;24
23.06.2024 23:00;23
24.06.2024 00:00;23
24.06.2024 01:00;20
24.06.2024 02:00;22
24.06.2024 03:00;19
24.06.2024 04:00;13
24.06.2024 05:00;13
24.06.2024 06:00;17
24.06.2024 07:00;20
24.06.2024 08:00;19
24.06.2024 09:00;18
24.06.2024 10:00;24
24.06.2024 11:00;26
24.06.2024 12:00;29
24.06.2024 13:00;32
24.06.2024 14:00;34
24.06.2024 15:00;34
24.06.2024 16:00;38
24.06.2024 17:00;33
24.06.2024 18:00;36
24.06.2024 19:00;33
24.06.2024 20:00;32
24.06.2024 21:00;26
24.06.2024 22:00;20
24.06.2024 23:00;18
25.06.2024 00:00;21
25.06.2024 01:00;19
25.06.2024 02:00;18
25.06.2024 03:00;17
25.06.2024 04:00;16
25.06.2024 05:00;17
25.06.2024 06:00;19
25.06.2024 07:00;17
25.06.2024 08:00;14
25.06.2024 09:00;16
25.06.2024 10:00;16
25.06.2024 11:00;22
25.06.2024 12:00;27
25.06.2024 13:00;36
25.06.2024 14:00;26
25.06.2024 15:00;35
25.06.2024 16:00;31
25.06.2024 17:00;38
25.06.2024 18:00;32
25.06.2024 19:00;35
25.06.2024 20:00;31
25.06.2024 21:00;30
25.06.2024 22:00;23
25.06.2024 23:00;19
26.06.2024 00:00;19
26.06.2024 01:00;20
26.06.2024 02:00;19
26.06.2024 03:00;22
26.06.2024 04:00;18
26.06.2024 05:00;15
26.06.2024 06:00;11
26.06.2024 07:00;14
26.06.2024 08:00;17
26.06.2024 09:00;18
26.06.2024 10:00;18
26.06.2024 11:00;14
26.06.2024 12:00;17
26.06.2024 13:00;21
26.06.2024 14:00;24
26.06.2024 15:00;27
26.06.2024 16:00;28
26.06.2024 17:00;23
26.06.2024 18:00;26
26.06.2024 19:00;34
26.06.2024 20:00;33
26.06.2024 21:00;29
26.06.2024 22:00;27
26.06.2024 23:00;20
27.06.2024 00:00;15
27.06.2024 01:00;12
27.06.2024 02:00;9
27.06.2024 03:00;12
27.06.2024 04:00;12
27.06.2024 05:00;10
27.06.2024 06:00;16
27.06.2024 07:00;14
27.06.2024 08:00;11
27.06.2024 09:00;16
27.06.2024 10:00;18
27.06.2024 11:00;20
27.06.2024 12:00;24
27.06.2024 13:00;26
27.06.2024 14:00;21
27.06.2024 15:00;22
27.06.2024 16:00;26
27.06.2024 17:00;29
27.06.2024 18:00;28
27.06.2024 19:00;30
27.06.2024 20:00;25
27.06.2024 21:00;26
27.06.2024 22:00;24
27.06.2024 23:00;19
28.06.2024 00:00;19
28.06.2024 01:00;22
28.06.2024 02:00;20
28.06.2024 03:00;15
28.06.2024 04:00;16
28.06.2024 05:00;17
28.06.2024 06:00;18
28.06.2024 07:00;18
28.06.2024 08:00;25
28.06.2024 09:00;28
28.06.2024 10:00;27
28.06.2024 11:00;40
28.06.2024 12:00;32
28.06.2024 13:00;30
28.06.2024 14:00;28
28.06.2024 15:00;29
28.06.2024 16:00;25
28.06.2024 17:00;27
28.06.2024 18:00;31
28.06.2024 19:00;31
28.06.2024 20:00;36
28.06.2024 21:00;43
28.06.2024 22:00;34
28.06.2024 23:00;29
29.06.2024 00:00;25
29.06.2024 01:00;24
29.06.2024 02:00;29
29.06.2024 03:00;27
29.06.2024 04:00;20
29.06.2024 05:00;22
29.06.2024 06:00;25
29.06.2024 07:00;30
29.06.2024 08:00;35
29.06.2024 09:00;32
29.06.2024 10:00;29
29.06.2024 11:00;31
29.06.2024 12:00;41
29.06.2024 13:00;45
29.06.2024 14:00;44
29.06.2024 15:00;36
29.06.2024 16:00;41
29.06.2024 17:00;34
29.06.2024 18:00;40
29.06.2024 19:00;43
29.06.2024 20:00;52
29.06.2024 21:00;55
29.06.2024 22:00;42
29.06.2024 23:00;37
30.06.2024 00:00;28
30.06.2024 01:00;26
30.06.2024 02:00;27
30.06.2024 03:00;23
30.06.2024 04:00;30
30.06.2024 05:00;29
30.06.2024 06:00;30
30.06.2024 07:00;28
30.06.2024 08:00;39
30.06.2024 09:00;47
30.06.2024 10:00;55
30.06.2024 11:00;47
30.06.2024 12:00;47
30.06.2024 13:00;49
30.06.2024 14:00;60
30.06.2024 15:00;62
30.06.2024 16:00;59
30.06.2024 17:00;42
30.06.2024 18:00;41
30.06.2024 19:00;45
30.06.2024 20:00;41
30.06.2024 21:00;41
30.06.2024 22:00;34
30.06.2024 23:00;22
01.07.2024 00:00;16
01.07.2024 01:00;22
01.07.2024 02:00;25
01.07.2024 03:00;20
01.07.2024 04:00;24
01.07.2024 05:00;20
01.07.2024 06:00;19
01.07.2024 07:00;23
01.07.2024 08:00;24
01.07.2024 09:00;31
01.07.2024 10:00;39
01.07.2024 11:00;38
01.07.2024 12:00;36
01.07.2024 13:00;38
01.07.2024 14:00;37
01.07.2024 15:00;30
01.07.2024 16:00;39
01.07.2024 17:00;39
01.07.2024 18:00;35
01.07.2024 19:00;36
01.07.2024 20:00;40
01.07.2024 21:00;43
01.07.2024 22:00;29
01.07.2024 22:50;21
01.07.2024 23:00;18
01.07.2024 23:10;15
01.07.2024 23:20;16
01.07.2024 23:30;15
01.07.2024 23:40;16
01.07.2024 23:50;18
02.07.2024 00:00;17
02.07.2024 00:10;18
02.07.2024 00:20;18
02.07.2024 00:30;18
02.07.2024 00:40;18
02.07.2024 00:50;21
02.07.2024 01:00;26
02.07.2024 01:10;27
02.07.2024 01:20;27
02.07.2024 01:30;26
02.07.2024 01:40;22
02.07.2024 01:50;19
02.07.2024 02:00;21
02.07.2024 02:10;20
02.07.2024 02:20;18
02.07.2024 02:30;18
02.07.2024 02:40;16
02.07.2024 02:50;18
02.07.2024 03:00;17
02.07.2024 03:10;16
02.07.2024 03:20;19
02.07.2024 03:30;20
02.07.2024 03:40;22
02.07.2024 03:50;23
02.07.2024 04:00;25
02.07.2024 04:10;25
02.07.2024 04:20;24
02.07.2024 04:30;25
02.07.2024 04:40;26
02.07.2024 04:50;27
02.07.2024 05:00;29
02.07.2024 05:10;29
02.07.2024 05:20;26
02.07.2024 05:30;22
02.07.2024 05:40;16
02.07.2024 05:50;18
02.07.2024 06:00;17
02.07.2024 06:10;18
02.07.2024 06:20;17
02.07.2024 06:30;17
02.07.2024 06:40;19
02.07.2024 06:50;21
02.07.2024 07:00;23
02.07.2024 07:10;20
02.07.2024 07:20;21
02.07.2024 07:30;23
02.07.2024 07:40;22
02.07.2024 07:50;21
02.07.2024 08:00;23
02.07.2024 08:10;21
02.07.2024 08:20;22
02.07.2024 08:30;24
02.07.2024 08:40;22
02.07.2024 08:50;24
02.07.2024 09:00;23
02.07.2024 09:10;26
02.07.2024 09:20;26
02.07.2024 09:30;26
02.07.2024 09:40;25
02.07.2024 09:50;25
02.07.2024 10:00;27
02.07.2024 10:10;27
02.07.2024 10:20;28
02.07.2024 10:30;27
02.07.2024 10:40;25
02.07.2024 10:50;24
02.07.2024 11:00;23
02.07.2024 11:10;25
02.07.2024 11:20;24
02.07.2024 11:30;28
02.07.2024 11:40;29
02.07.2024 11:50;27
02.07.2024 12:00;30
02.07.2024 12:10;31
02.07.2024 12:20;30
02.07.2024 12:30;28
02.07.2024 12:40;27
02.07.2024 12:50;27
02.07.2024 13:00;28
02.07.2024 13:10;27
02.07.2024 13:20;30
02.07.2024 13:30;28
02.07.2024 13:40;27
02.07.2024 13:50;24
02.07.2024 14:00;23
02.07.2024 14:10;28
02.07.2024 14:20;30
02.07.2024 14:30;30
02.07.2024 14:40;30
02.07.2024 14:50;27
02.07.2024 15:00;27
02.07.2024 15:10;31
02.07.2024 15:20;33
02.07.2024 15:30;36
02.07.2024 15:40;37
02.07.2024 15:50;39
02.07.2024 16:00;37
02.07.2024 16:10;31
02.07.2024 16:20;31
02.07.2024 16:30;33
02.07.2024 16:40;31
02.07.2024 16:50;31
02.07.2024 17:00;31
02.07.2024 17:10;33
02.07.2024 17:20;30
02.07.2024 17:30;28
02.07.2024 17:40;29
02.07.2024 17:50;30
02.07.2024 18:00;28
02.07.2024 18:10;29
02.07.2024 18:20;32
02.07.2024 18:30;25
02.07.2024 18:40;27
02.07.2024 18:50;29
02.07.2024 19:00;31
02.07.2024 19:10;34
02.07.2024 19:20;33
02.07.2024 19:30;40
02.07.2024 19:40;41
02.07.2024 19:50;42
02.07.2024 20:00;46
02.07.2024 20:10;51
02.07.2024 20:20;46
02.07.2024 20:30;43
02.07.2024 20:40;40
02.07.2024 20:50;34
02.07.2024 21:00;34
02.07.2024 21:10;35
02.07.2024 21:20;37
02.07.2024 21:30;30
02.07.2024 21:40;30
02.07.2024 21:50;28
02.07.2024 22:00;34
02.07.2024 22:10;28
02.07.2024 22:20;26
02.07.2024 22:30;27
02.07.2024 22:40;26
02.07.2024 22:50;26
02.07.2024 23:00;29
02.07.2024 23:10;32
02.07.2024 23:20;32
02.07.2024 23:30;29
02.07.2024 23:40;28
02.07.2024 23:50;26
03.07.2024 00:00;27
03.07.2024 00:10;26
03.07.2024 00:20;27
03.07.2024 00:30;24
03.07.2024 00:40;23
03.07.2024 00:50;23
03.07.2024 01:00;23
03.07.2024 01:10;25
03.07.2024 01:20;25
03.07.2024 01:30;23
03.07.2024 01:40;22
03.07.2024 01:50;22
03.07.2024 02:00;22
03.07.2024 02:10;17
03.07.2024 02:20;14
03.07.2024 02:30;17
03.07.2024 02:40;19
03.07.2024 02:50;21
03.07.2024 03:00;21
03.07.2024 03:10;21
03.07.2024 03:20;17
03.07.2024 03:30;17
03.07.2024 03:40;15
03.07.2024 03:50;18
03.07.2024 04:00;21
03.07.2024 04:10;20
03.07.2024 04:20;21
03.07.2024 04:30;23
03.07.2024 04:40;22
03.07.2024 04:50;23
03.07.2024 05:00;21
03.07.2024 05:10;16
03.07.2024 05:20;14
03.07.2024 05:30;13
03.07.2024 05:40;13
03.07.2024 05:50;14
03.07.2024 06:00;15
03.07.2024 06:10;16
03.07.2024 06:20;15
03.07.2024 06:30;15
03.07.2024 06:40;13
03.07.2024 06:50;13
03.07.2024 07:00;14
03.07.2024 07:10;10
03.07.2024 07:20;10
03.07.2024 07:30;11
03.07.2024 07:40;11
03.07.2024 07:50;14
03.07.2024 08:00;15
03.07.2024 08:10;15
03.07.2024 08:20;21
03.07.2024 08:30;23
03.07.2024 08:40;17
03.07.2024 08:50;15
03.07.2024 09:00;16
03.07.2024 09:10;21
03.07.2024 09:20;25
03.07.2024 09:30;27
03.07.2024 09:40;25
03.07.2024 09:50;30
03.07.2024 10:00;27
03.07.2024 10:10;30
03.07.2024 10:20;27
03.07.2024 10:30;25
03.07.2024 10:40;26
03.07.2024 10:50;29
03.07.2024 11:00;32
03.07.2024 11:10;30
03.07.2024 11:20;30
03.07.2024 11:30;32
03.07.2024 11:40;33
03.07.2024 11:50;29
03.07.2024 12:00;29
03.07.2024 12:10;28
03.07.2024 12:20;31
03.07.2024 12:30;29
03.07.2024 12:40;30
03.07.2024 12:50;35
03.07.2024 13:00;37
03.07.2024 13:10;40
03.07.2024 13:20;38
03.07.2024 13:30;34
03.07.2024 13:40;32
03.07.2024 13:50;30
03.07.2024 14:00;27
03.07.2024 14:10;24
03.07.2024 14:20;24
03.07.2024 14:30;24
03.07.2024 14:40;24
03.07.2024 14:50;25
03.07.2024 15:00;23
03.07.2024 15:10;25
03.07.2024 15:20;26
03.07.2024 15:30;26
03.07.2024 15:40;26
03.07.2024 15:50;30
03.07.2024 16:00;32
03.07.2024 16:10;26
03.07.2024 16:20;26
03.07.2024 16:30;28
03.07.2024 16:40;30
03.07.2024 16:50;28
03.07.2024 17:00;28
03.07.2024 17:10;26
03.07.2024 17:20;27
03.07.2024 17:30;28
03.07.2024 17:40;34
03.07.2024 17:50;36
03.07.2024 18:00;38
03.07.2024 18:10;41
03.07.2024 18:20;42
03.07.2024 18:30;41
03.07.2024 18:40;39
03.07.2024 18:50;39
03.07.2024 19:00;38
03.07.2024 19:10;40
03.07.2024 19:20;33
03.07.2024 19:30;31
03.07.2024 19:40;28
03.07.2024 19:50;28
03.07.2024 20:00;25
03.07.2024 20:10;22
03.07.2024 20:20;22
03.07.2024 20:30;19
03.07.2024 20:40;19
03.07.2024 20:50;22
03.07.2024 21:00;22
03.07.2024 21:10;25
03.07.2024 21:20;26
03.07.2024 21:30;25
03.07.2024 21:40;25
03.07.2024 21:50;29
03.07.2024 22:00;24
03.07.2024 22:10;24
03.07.2024 22:20;24
03.07.2024 22:30;25
03.07.2024 22:40;27
03.07.2024 22:50;28
03.07.2024 23:00;30
03.07.2024 23:10;31
03.07.2024 23:20;25
03.07.2024 23:30;30
03.07.2024 23:40;26
03.07.2024 23:50;21
04.07.2024 00:00;23
04.07.2024 00:10;22
04.07.2024 00:20;18
04.07.2024 00:30;16
04.07.2024 00:40;16
04.07.2024 00:50;15
04.07.2024 01:00;13
04.07.2024 01:10;15
04.07.2024 01:20;16
04.07.2024 01:30;17
04.07.2024 01:40;17
04.07.2024 01:50;14
04.07.2024 02:00;15
04.07.2024 02:10;17
04.07.2024 02:20;16
04.07.2024 02:30;17
04.07.2024 02:40;16
04.07.2024 02:50;20
04.07.2024 03:00;19
04.07.2024 03:10;15
04.07.2024 03:20;13
04.07.2024 03:30;12
04.07.2024 03:40;11
04.07.2024 03:50;14
04.07.2024 04:00;13
04.07.2024 04:10;12
04.07.2024 04:20;14
04.07.2024 04:30;13
04.07.2024 04:40;16
04.07.2024 04:50;13
04.07.2024 05:00;15
04.07.2024 05:10;18
04.07.2024 05:20;18
04.07.2024 05:30;17
04.07.2024 05:40;19
04.07.2024 05:50;25
04.07.2024 06:00;24
04.07.2024 06:10;21
04.07.2024 06:20;20
04.07.2024 06:30;20
04.07.2024 06:40;18
04.07.2024 06:50;19
04.07.2024 07:00;18
04.07.2024 07:10;17
04.07.2024 07:20;15
04.07.2024 07:30;15
04.07.2024 07:40;16
04.07.2024 07:50;13
04.07.2024 08:00;13
04.07.2024 08:10;14
04.07.2024 08:20;17
04.07.2024 08:30;17
04.07.2024 08:40;19
04.07.2024 08:50;20
04.07.2024 09:00;18
04.07.2024 09:10;16
04.07.2024 09:20;18
04.07.2024 09:30;21
04.07.2024 09:40;23
04.07.2024 09:50;27
04.07.2024 10:00;31
04.07.2024 10:10;32
04.07.2024 10:20;31
04.07.2024 10:30;25
04.07.2024 10:40;25
04.07.2024 10:50;28
04.07.2024 11:00;25
04.07.2024 11:10;24
04.07.2024 11:20;25
04.07.2024 11:30;27
04.07.2024 11:40;30
04.07.2024 11:50;30
04.07.2024 12:00;28
04.07.2024 12:10;27
04.07.2024 12:20;35
04.07.2024 12:30;37
04.07.2024 12:40;36
04.07.2024 12:50;39
04.07.2024 13:00;39
04.07.2024 13:10;33
04.07.2024 13:20;37
04.07.2024 13:30;35
04.07.2024 13:40;31
04.07.2024 13:50;31
04.07.2024 14:00;32
04.07.2024 14:10;29
04.07.2024 14:20;34
04.07.2024 14:30;37
04.07.2024 14:40;41
04.07.2024 14:50;37
04.07.2024 15:00;31
04.07.2024 15:10;32
04.07.2024 15:20;35
04.07.2024 15:30;34
04.07.2024 15:40;35
04.07.2024 15:50;37
04.07.2024 16:00;34
04.07.2024 16:10;32
04.07.2024 16:20;33
04.07.2024 16:30;36
04.07.2024 16:40;38
04.07.2024 16:50;39
04.07.2024 17:00;33
04.07.2024 17:10;34
04.07.2024 17:20;33
04.07.2024 17:30;36
04.07.2024 17:40;39
04.07.2024 17:50;38
04.07.2024 18:00;34
04.07.2024 18:10;37
04.07.2024 18:20;39
04.07.2024 18:30;37
04.07.2024 18:40;39
04.07.2024 18:50;41
04.07.2024 19:00;40
04.07.2024 19:10;33
04.07.2024 19:20;34
04.07.2024 19:30;37
04.07.2024 19:40;34
04.07.2024 19:50;35
04.07.2024 20:00;36
04.07.2024 20:10;32
04.07.2024 20:20;30
04.07.2024 20:30;26
04.07.2024 20:40;25
04.07.2024 20:50;26
04.07.2024 21:00;24
04.07.2024 21:10;22
04.07.2024 21:20;22
04.07.2024 21:30;26
04.07.2024 21:40;26
04.07.2024 21:50;25
04.07.2024 22:00;23
04.07.2024 22:10;24
04.07.2024 22:20;28
04.07.2024 22:30;22
04.07.2024 22:40;25
04.07.2024 22:50;24
04.07.2024 23:00;24
04.07.2024 23:10;23
04.07.2024 23:20;22
04.07.2024 23:30;17
04.07.2024 23:40;15
04.07.2024 23:50;16
05.07.2024 00:00;15
05.07.2024 00:10;15
05.07.2024 00:20;17
05.07.2024 00:30;15
05.07.2024 00:40;15
05.07.2024 00:50;13
05.07.2024 01:00;15
05.07.2024 01:10;18
05.07.2024 01:20;18
05.07.2024 01:30;20
05.07.2024 01:40;18
05.07.2024 01:50;20
05.07.2024 02:00;19
05.07.2024 02:10;18
05.07.2024 02:20;19
05.07.2024 02:30;19
05.07.2024 02:40;16
05.07.2024 02:50;18
05.07.2024 03:00;16
05.07.2024 03:10;15
05.07.2024 03:20;15
05.07.2024 03:30;14
05.07.2024 03:40;14
05.07.2024 03:50;15
05.07.2024 04:00;13
05.07.2024 04:10;15
05.07.2024 04:20;17
05.07.2024 04:30;19
05.07.2024 04:40;21
05.07.2024 04:50;18
05.07.2024 05:00;17
05.07.2024 05:10;22
05.07.2024 05:20;21
05.07.2024 05:30;23
05.07.2024 05:40;24
05.07.2024 05:50;23
05.07.2024 06:00;24
05.07.2024 06:10;23
05.07.2024 06:20;23
05.07.2024 06:30;23
05.07.2024 06:40;23
05.07.2024 06:50;23
05.07.2024 07:00;27
05.07.2024 07:10;25
05.07.2024 07:20;27
05.07.2024 07:30;24
05.07.2024 07:40;17
05.07.2024 07:50;15
05.07.2024 08:00;16
05.07.2024 08:10;20
05.07.2024 08:20;20
05.07.2024 08:30;19
05.07.2024 08:40;20
05.07.2024 08:50;18
05.07.2024 09:00;20
05.07.2024 09:10;20
05.07.2024 09:20;20
05.07.2024 09:30;18
05.07.2024 09:40;19
05.07.2024 09:50;22
05.07.2024 10:00;21
05.07.2024 10:10;20
05.07.2024 10:20;21
05.07.2024 10:30;25
05.07.2024 10:40;24
05.07.2024 10:50;25
05.07.2024 11:00;24
05.07.2024 11:10;24
05.07.2024 11:20;24
05.07.2024 11:30;28
05.07.2024 11:40;25
05.07.2024 11:50;26
05.07.2024 12:00;26
05.07.2024 12:10;22
05.07.2024 12:20;26
05.07.2024 12:30;25
05.07.2024 12:40;27
05.07.2024 12:50;24
05.07.2024 13:00;29
05.07.2024 13:10;30
05.07.2024 13:20;32
05.07.2024 13:30;29
05.07.2024 13:40;32
05.07.2024 13:50;31
05.07.2024 14:00;31
05.07.2024 14:10;35
05.07.2024 14:20;35
05.07.2024 14:30;37
05.07.2024 14:40;34
05.07.2024 14:50;35
05.07.2024 15:00;35
05.07.2024 15:10;37
05.07.2024 15:20;38
05.07.2024 15:30;40
05.07.2024 15:40;42
05.07.2024 15:50;41
05.07.2024 16:00;41
05.07.2024 16:10;43
05.07.2024 16:20;40
05.07.2024 16:30;40
05.07.2024 16:40;40
05.07.2024 16:50;37
05.07.2024 17:00;39
05.07.2024 17:10;41
05.07.2024 17:20;33
05.07.2024 17:30;31
05.07.2024 17:40;31
05.07.2024 17:50;32
05.07.2024 18:00;34
05.07.2024 18:10;39
05.07.2024 18:20;41
05.07.2024 18:30;44
05.07.2024 18:40;46
05.07.2024 18:50;46
05.07.2024 19:00;51
05.07.2024 19:10;53
05.07.2024 19:20;49
05.07.2024 19:30;44
05.07.2024 19:40;49
05.07.2024 19:50;50
05.07.2024 20:00;48
05.07.2024 20:10;46
05.07.2024 20:20;44
05.07.2024 20:30;39
05.07.2024 20:40;41
05.07.2024 20:50;42
05.07.2024 21:00;41
05.07.2024 21:10;39
05.07.2024 21:20;40
05.07.2024 21:30;34
05.07.2024 21:40;32
05.07.2024 21:50;31
05.07.2024 22:00;30
05.07.2024 22:10;27
05.07.2024 22:20;26
05.07.2024 22:30;24
05.07.2024 22:40;24
05.07.2024 22:50;26
05.07.2024 23:00;27
05.07.2024 23:10;29
05.07.2024 23:20;24
05.07.2024 23:30;26
05.07.2024 23:40;24
05.07.2024 23:50;21
06.07.2024 00:00;26
06.07.2024 00:10;26
06.07.2024 00:20;26
06.07.2024 00:30;22
06.07.2024 00:40;21
06.07.2024 00:50;18
06.07.2024 01:00;17
06.07.2024 01:10;15
06.07.2024 01:20;14
06.07.2024 01:30;17
06.07.2024 01:40;18
06.07.2024 01:50;21
06.07.2024 02:00;22
06.07.2024 02:10;23
06.07.2024 02:20;24
06.07.2024 02:30;27
06.07.2024 02:40;28
06.07.2024 02:50;28
06.07.2024 03:00;24
06.07.2024 03:10;25
06.07.2024 03:20;27
06.07.2024 03:30;27
06.07.2024 03:40;28
06.07.2024 03:50;26
06.07.2024 04:00;28
06.07.2024 04:10;27
06.07.2024 04:20;25
06.07.2024 04:30;27
06.07.2024 04:40;28
06.07.2024 04:50;28
06.07.2024 05:00;25
06.07.2024 05:10;25
06.07.2024 05:20;24
06.07.2024 05:30;24
06.07.2024 05:40;28
06.07.2024 05:50;31
06.07.2024 06:00;37
06.07.2024 06:10;34
06.07.2024 06:20;35
06.07.2024 06:30;30
06.07.2024 06:40;31
06.07.2024 06:50;31
06.07.2024 07:00;31
06.07.2024 07:10;32
06.07.2024 07:20;34
06.07.2024 07:30;33
06.07.2024 07:40;33
06.07.2024 07:50;29
06.07.2024 08:00;28
06.07.2024 08:10;34
06.07.2024 08:20;37
06.07.2024 08:30;40
06.07.2024 08:40;36
06.07.2024 08:50;36
06.07.2024 09:00;38
06.07.2024 09:10;40
06.07.2024 09:20;38
06.07.2024 09:30;38
06.07.2024 09:40;37
06.07.2024 09:50;34
06.07.2024 10:00;36
06.07.2024 10:10;41
06.07.2024 10:20;40
06.07.2024 10:30;39
06.07.2024 10:40;40
06.07.2024 10:50;44
06.07.2024 11:00;47
06.07.2024 11:10;44
06.07.2024 11:20;43
06.07.2024 11:30;40
06.07.2024 11:40;42
06.07.2024 11:50;37
06.07.2024 12:00;34
06.07.2024 12:10;37
06.07.2024 12:20;39
06.07.2024 12:30;40
06.07.2024 12:40;39
06.07.2024 12:50;40
06.07.2024 13:00;40
06.07.2024 13:10;41
06.07.2024 13:20;40
06.07.2024 13:30;42
06.07.2024 13:40;41
06.07.2024 13:50;38
06.07.2024 14:00;40
06.07.2024 14:10;44
06.07.2024 14:20;49
06.07.2024 14:30;49
06.07.2024 14:40;46
06.07.2024 14:50;44
06.07.2024 15:00;44
06.07.2024 15:10;48
06.07.2024 15:20;47
06.07.2024 15:30;46
06.07.2024 15:40;46
06.07.2024 15:50;45
06.07.2024 16:00;44
06.07.2024 16:10;44
06.07.2024 16:20;44
06.07.2024 16:30;46
06.07.2024 16:40;47
06.07.2024 16:50;52
06.07.2024 17:00;45
06.07.2024 17:10;42
06.07.2024 17:20;41
06.07.2024 17:30;43
06.07.2024 17:40;45
06.07.2024 17:50;44
06.07.2024 18:00;44
06.07.2024 18:10;40
06.07.2024 18:20;44
06.07.2024 18:30;43
06.07.2024 18:40;43
06.07.2024 18:50;46
06.07.2024 19:00;48
06.07.2024 19:10;44
06.07.2024 19:20;45
06.07.2024 19:30;46
06.07.2024 19:40;46
06.07.2024 19:50;44
06.07.2024 20:00;43
06.07.2024 20:10;41
06.07.2024 20:20;41
06.07.2024 20:30;42
06.07.2024 20:40;45
06.07.2024 20:50;47
06.07.2024 21:00;43
06.07.2024 21:10;44
06.07.2024 21:20;42
06.07.2024 21:30;44
06.07.2024 21:40;46
06.07.2024 21:50;42
06.07.2024 22:00;43
06.07.2024 22:10;37
06.07.2024 22:20;35
06.07.2024 22:30;34
06.07.2024 22:40;36
06.07.2024 22:50;42
06.07.2024 23:00;41
06.07.2024 23:10;38
06.07.2024 23:20;36
06.07.2024 23:30;34
06.07.2024 23:40;33
06.07.2024 23:50;29
07.07.2024 00:00;37
07.07.2024 00:10;38
07.07.2024 00:20;39
07.07.2024 00:30;32
07.07.2024 00:40;33
07.07.2024 00:50;32
07.07.2024 01:00;31
07.07.2024 01:10;38
07.07.2024 01:20;36
07.07.2024 01:30;36
07.07.2024 01:40;38
07.07.2024 01:50;33
07.07.2024 02:00;34
07.07.2024 02:10;34
07.07.2024 02:20;33
07.07.2024 02:30;33
07.07.2024 02:40;31
07.07.2024 02:50;32
07.07.2024 03:00;33
07.07.2024 03:10;36
07.07.2024 03:20;33
07.07.2024 03:30;32
07.07.2024 03:40;35
07.07.2024 03:50;34
07.07.2024 04:00;33
07.07.2024 04:10;31
07.07.2024 04:20;30
07.07.2024 04:30;31
07.07.2024 04:40;29
07.07.2024 04:50;30
07.07.2024 05:00;31
07.07.2024 05:10;31
07.07.2024 05:20;31
07.07.2024 05:30;29
07.07.2024 05:40;30
07.07.2024 05:50;26
07.07.2024 06:00;27
07.07.2024 06:10;28
07.07.2024 06:20;33
07.07.2024 06:30;35
07.07.2024 06:40;38
07.07.2024 06:50;37
07.07.2024 07:00;36
07.07.2024 07:10;38
07.07.2024 07:20;38
07.07.2024 07:30;40
07.07.2024 07:40;38
07.07.2024 07:50;38
07.07.2024 08:00;39
07.07.2024 08:10;38
07.07.2024 08:20;41
07.07.2024 08:30;39
07.07.2024 08:40;43
07.07.2024 08:50;47
07.07.2024 09:00;45
07.07.2024 09:10;46
07.07.2024 09:20;53
07.07.2024 09:30;54
07.07.2024 09:40;57
07.07.2024 09:50;58
07.07.2024 10:00;54
07.07.2024 10:10;52
07.07.2024 10:20;53
07.07.2024 10:30;56
07.07.2024 10:40;58
07.07.2024 10:50;58
07.07.2024 11:00;53
07.07.2024 11:10;52
07.07.2024 11:20;51
07.07.2024 11:30;56
07.07.2024 11:40;55
07.07.2024 11:50;54
07.07.2024 12:00;51
07.07.2024 12:10;49
07.07.2024 12:20;47
07.07.2024 12:30;50
07.07.2024 12:40;47
07.07.2024 12:50;49
07.07.2024 13:00;47
07.07.2024 13:10;48
07.07.2024 13:20;50
07.07.2024 13:30;53
07.07.2024 13:40;49
07.07.2024 13:50;48
07.07.2024 14:00;45
07.07.2024 14:10;46
07.07.2024 14:20;58
07.07.2024 14:30;64
07.07.2024 14:40;57
07.07.2024 14:50;51
07.07.2024 15:00;48
07.07.2024 15:10;46
07.07.2024 15:20;41
07.07.2024 15:30;36
07.07.2024 15:40;31
07.07.2024 15:50;29
07.07.2024 16:00;29
07.07.2024 16:10;31
07.07.2024 16:20;33
07.07.2024 16:30;35
07.07.2024 16:40;38
07.07.2024 16:50;40
07.07.2024 17:00;46
07.07.2024 17:10;42
07.07.2024 17:20;45
07.07.2024 17:30;44
07.07.2024 17:40;40
07.07.2024 17:50;37
07.07.2024 18:00;40
07.07.2024 18:10;38
07.07.2024 18:20;35
07.07.2024 18:30;44
07.07.2024 18:40;44
07.07.2024 18:50;44
07.07.2024 19:00;44
07.07.2024 19:10;40
07.07.2024 19:20;40
07.07.2024 19:30;40
07.07.2024 19:40;34
07.07.2024 19:50;37
07.07.2024 20:00;42
07.07.2024 20:10;42
07.07.2024 20:20;46
07.07.2024 20:30;42
07.07.2024 20:40;47
07.07.2024 20:50;43
07.07.2024 21:00;36
07.07.2024 21:10;39
07.07.2024 21:20;35
07.07.2024 21:30;36
07.07.2024 21:40;36
07.07.2024 21:50;34
07.07.2024 22:00;35
07.07.2024 22:10;32
07.07.2024 22:20;30
07.07.2024 22:30;27
07.07.2024 22:40;24
07.07.2024 22:50;24
07.07.2024 23:00;22
07.07.2024 23:10;22
07.07.2024 23:20;29
07.07.2024 23:30;31
07.07.2024 23:40;34
07.07.2024 23:50;36
08.07.2024 00:00;35
08.07.2024 00:10;32
08.07.2024 00:20;25
08.07.2024 00:30;22
08.07.2024 00:40;20
08.07.2024 00:50;21
08.07.2024 01:00;22
08.07.2024 01:10;22
08.07.2024 01:20;23
08.07.2024 01:30;24
08.07.2024 01:40;25
08.07.2024 01:50;21
08.07.2024 02:00;21
08.07.2024 02:10;20
08.07.2024 02:20;20
08.07.2024 02:30;18
08.07.2024 02:40;23
08.07.2024 02:50;23
08.07.2024 03:00;23
08.07.2024 03:10;20
08.07.2024 03:20;17
08.07.2024 03:30;18
08.07.2024 03:40;21
08.07.2024 03:50;20
08.07.2024 04:00;21
08.07.2024 04:10;21
08.07.2024 04:20;24
08.07.2024 04:30;22
08.07.2024 04:40;26
08.07.2024 04:50;31
08.07.2024 05:00;32
08.07.2024 05:10;31
08.07.2024 05:20;30
08.07.2024 05:30;24
08.07.2024 05:40;24
08.07.2024 05:50;24
08.07.2024 06:00;23
08.07.2024 06:10;22
08.07.2024 06:20;22
08.07.2024 06:30;19
08.07.2024 06:40;18
08.07.2024 06:50;17
08.07.2024 07:00;18
08.07.2024 07:10;18
08.07.2024 07:20;19
08.07.2024 07:30;21
08.07.2024 07:40;22
08.07.2024 07:50;20
08.07.2024 08:00;21
08.07.2024 08:10;23
08.07.2024 08:20;22
08.07.2024 08:30;23
08.07.2024 08:40;24
08.07.2024 08:50;25
08.07.2024 09:00;19
08.07.2024 09:10;19
08.07.2024 09:20;22
08.07.2024 09:30;24
08.07.2024 09:40;23
08.07.2024 09:50;29
08.07.2024 10:00;28
08.07.2024 10:10;29
08.07.2024 10:20;27
08.07.2024 10:30;28
08.07.2024 10:40;29
08.07.2024 10:50;30
08.07.2024 11:00;28
08.07.2024 11:10;32
08.07.2024 11:20;30
08.07.2024 11:30;28
08.07.2024 11:40;28
08.07.2024 11:50;31
08.07.2024 12:00;28
08.07.2024 12:10;31
08.07.2024 12:20;30
08.07.2024 12:30;29
08.07.2024 12:40;27
08.07.2024 12:50;27
08.07.2024 13:00;31
08.07.2024 13:10;33
08.07.2024 13:20;36
08.07.2024 13:30;32
08.07.2024 13:40;31
08.07.2024 13:50;33
08.07.2024 14:00;33
08.07.2024 14:10;31
08.07.2024 14:20;32
08.07.2024 14:30;32
08.07.2024 14:40;32
08.07.2024 14:50;32
08.07.2024 15:00;27
08.07.2024 15:10;26
08.07.2024 15:20;26
08.07.2024 15:30;33
08.07.2024 15:40;39
08.07.2024 15:50;36
08.07.2024 16:00;37
08.07.2024 16:10;35
08.07.2024 16:20;31
08.07.2024 16:30;27
08.07.2024 16:40;25
08.07.2024 16:50;23
08.07.2024 17:00;27
08.07.2024 17:10;24
08.07.2024 17:20;24
08.07.2024 17:30;25
08.07.2024 17:40;27
08.07.2024 17:50;24
08.07.2024 18:00;30
08.07.2024 18:10;30
08.07.2024 18:20;27
08.07.2024 18:30;25
08.07.2024 18:40;27
08.07.2024 18:50;28
08.07.2024 19:00;31
08.07.2024 19:10;29
08.07.2024 19:20;32
08.07.2024 19:30;32
08.07.2024 19:40;30
08.07.2024 19:50;28
08.07.2024 20:00;29
08.07.2024 20:10;30
08.07.2024 20:20;26
08.07.2024 20:30;27
08.07.2024 20:40;28
08.07.2024 20:50;25
08.07.2024 21:00;28
08.07.2024 21:10;32
08.07.2024 21:20;29
08.07.2024 21:30;31
08.07.2024 21:40;29
08.07.2024 21:50;26
08.07.2024 22:00;27
08.07.2024 22:10;25
08.07.2024 22:20;24
08.07.2024 22:30;22
08.07.2024 22:40;18
